trialID,pID,imageID,imgW,imgH,zoom,imageZoom,relativeTimestamp,taskCompletionTime,experience,imageName,cancerType,diagnosis,groundTruth,distanceToGroundtruth,groundTruthSubType,groundTruthSize,maskOverlappingWithMask,magnification,error,search,recognition,decision
58,P1,C1,86016,89600,7.595,0.122,22812,22.812,2,test_001.tif,Lymph,Malignant,1,0,IDC,Macro,0.67,40,NA,7,21,2
5,P10,C1,86016,89600,5.463,0.0878,60506,60.506,1,test_001.tif,Lymph,Malignant,1,0,IDC,Macro,0.81,40,NA,73,70,5
56,P11,C1,86016,89600,1,0.0161,14282,14.282,3,test_001.tif,Lymph,Malignant,1,0,IDC,Macro,,40,NA,20,1,0
29,P2,C1,86016,89600,7.595,0.122,33381,33.381,1,test_001.tif,Lymph,Malignant,1,0,IDC,Macro,0.51,40,NA,9,26,2
1,P3,C1,86016,89600,7.595,0.122,36002,36.002,3,test_001.tif,Lymph,Malignant,1,0,IDC,Macro,0.13,40,NA,11,24,3
22,P4,C1,86016,89600,3.375,0.0542,19263,19.263,2,test_001.tif,Lymph,Malignant,1,0,IDC,Macro,0.48,40,NA,17,11,0
21,P5,C1,86016,89600,5.063,0.0814,27830,27.83,1,test_001.tif,Lymph,Malignant,1,0,IDC,Macro,0.51,40,NA,4,21,1
20,P6,C1,86016,89600,1,0.0161,21436,21.436,3,test_001.tif,Lymph,Malignant,1,0,IDC,Macro,0.59,40,NA,18,4,2
43,P7,C1,86016,89600,3.375,0.0542,53504,53.504,4,test_001.tif,Lymph,Malignant,1,0,IDC,Macro,0.65,40,NA,62,13,0
17,P8,C1,86016,89600,1,0.0161,9565,9.565,4,test_001.tif,Lymph,Malignant,1,0,IDC,Macro,0.43,40,NA,6,4,0
25,P9,C1,86016,89600,1,0.0161,35506,35.506,2,test_001.tif,Lymph,Malignant,1,0,IDC,Macro,,40,NA,32,25,5
22,P1,C41,97792,221184,20.226,0.1317,73850,73.85,2,test_002.tif,Lymph,Malignant,1,0,ILC,Macro,0.41,20,NA,115,69,3
20,P10,C10,96768,211968,11.389,0.0774,67470,67.47,1,test_051.tif,Lymph,Malignant,1,0,IDC,Macro,0.52,20,NA,121,34,1
12,P11,C10,96768,211968,11.389,0.0774,67774,67.774,3,test_051.tif,Lymph,Malignant,1,0,IDC,Macro,,20,NA,111,42,5
21,P2,C10,96768,211968,65.415,0.4444,94653,94.653,1,test_051.tif,Lymph,Malignant,1,0,IDC,Macro,0.46,20,NA,133,91,3
58,P3,C10,96768,211968,5.062,0.0344,79769,79.769,3,test_051.tif,Lymph,Malignant,1,0,IDC,Macro,0.19,20,NA,118,73,4
54,P4,C10,96768,211968,2.25,0.0153,42222,42.222,2,test_051.tif,Lymph,Malignant,1,0,IDC,Macro,0.11,20,NA,38,55,2
53,P5,C10,96768,211968,17.084,0.1161,49435,49.435,1,test_051.tif,Lymph,Malignant,1,0,IDC,Macro,0.22,20,NA,67,53,1
60,P6,C10,96768,211968,7.593,0.0516,26760,26.76,3,test_051.tif,Lymph,Malignant,1,0,IDC,Macro,0.65,20,NA,38,30,1
13,P7,C10,96768,211968,2.25,0.0153,59537,59.537,4,test_051.tif,Lymph,Benign,1,-1,IDC,Macro,0,20,search,16,0,0
43,P8,C10,96768,211968,2.25,0.0153,14399,14.399,4,test_051.tif,Lymph,Benign,1,-1,IDC,Macro,0,20,recognition,23,2,0
3,P9,C10,96768,211968,8.614,0.0585,255043,255.043,2,test_051.tif,Lymph,Neoplastic,1,-1,IDC,Macro,,20,decision,302,453,10
51,P1,C42,98304,103936,1,0.0139,34350,34.35,2,test_004.tif,Lymph,Benign,1,-1,IDC,Micro,0,40,search,89,0,0
12,P10,C11,97792,219648,30.129,0.1975,86625,86.625,1,test_052.tif,Lymph,Benign,1,-1,IDC,Micro,0,20,search,256,0,0
52,P11,C11,97792,219648,25.628,0.168,95817,95.817,3,test_052.tif,Lymph,Benign,1,-1,IDC,Micro,,20,search,248,0,0
48,P2,C11,97792,219648,101.684,0.6667,56257,56.257,1,test_052.tif,Lymph,Benign,1,-1,IDC,Micro,0,20,search,120,0,0
6,P3,C11,97792,219648,1,0.0066,53698,53.698,3,test_052.tif,Lymph,Benign,1,-1,IDC,Micro,0,20,search,120,0,0
3,P4,C11,97792,219648,25.628,0.168,163206,163.206,2,test_052.tif,Lymph,Benign,1,-1,IDC,Micro,0,20,search,407,0,0
30,P5,C11,97792,219648,7.593,0.0498,41823,41.823,1,test_052.tif,Lymph,Benign,1,-1,IDC,Micro,0,20,search,123,0,0
22,P6,C11,97792,219648,1.5,0.0098,26106,26.106,3,test_052.tif,Lymph,Benign,1,-1,IDC,Micro,0,20,search,49,0,0
55,P7,C11,97792,219648,5.062,0.0332,35740,35.74,4,test_052.tif,Lymph,Benign,1,-1,IDC,Micro,0,20,search,30,0,0
45,P8,C11,97792,219648,3.375,0.0221,29420,29.42,4,test_052.tif,Lymph,Benign,1,-1,IDC,Micro,0,20,search,53,0,0
30,P9,C11,97792,219648,5.062,0.0332,59939,59.939,2,test_052.tif,Lymph,Benign,1,-1,IDC,Micro,,20,search,149,0,0
29,P1,C2,106496,93184,5.898,0.1173,35167,35.167,2,test_008.tif,Lymph,Benign,1,-1,Ductulolobular,Micro,0,40,search,92,0,0
4,P10,C12,97792,218624,8.886,0.0585,156286,156.286,1,test_053.tif,Lymph,Benign,0,0,IDC,None,-1,20,NA,454,0,0
33,P11,C12,97792,218624,129.756,0.8546,108776,108.776,3,test_053.tif,Lymph,Benign,0,0,IDC,None,,20,NA,288,0,0
45,P2,C12,97792,218624,101.222,0.6667,82710,82.71,1,test_053.tif,Lymph,Benign,0,0,IDC,None,-1,20,NA,179,0,0
28,P3,C12,97792,218624,7.594,0.05,84241,84.241,3,test_053.tif,Lymph,Benign,0,0,IDC,None,-1,20,NA,223,0,0
46,P4,C12,97792,218624,25.631,0.1688,200804,200.804,2,test_053.tif,Lymph,Benign,0,0,IDC,None,-1,20,NA,438,0,0
11,P5,C12,97792,218624,19.995,0.1317,180153,180.153,1,test_053.tif,Lymph,Benign,0,0,IDC,None,-1,20,NA,403,0,0
43,P6,C12,97792,218624,7.594,0.05,18874,18.874,3,test_053.tif,Lymph,Benign,0,0,IDC,None,-1,20,NA,38,0,0
44,P7,C12,97792,218624,1,0.0066,68333,68.333,4,test_053.tif,Lymph,Benign,0,0,IDC,None,-1,20,NA,73,0,0
41,P8,C12,97792,218624,1.5,0.0099,24423,24.423,4,test_053.tif,Lymph,Benign,0,0,IDC,None,-1,20,NA,65,0,0
33,P9,C12,97792,218624,1,0.0066,66200,66.2,2,test_053.tif,Lymph,Benign,0,0,IDC,None,,20,NA,178,0,0
19,P1,C3,86528,207360,3.375,0.0234,19146,19.146,2,test_010.tif,Lymph,Benign,1,-1,IDC,Micro,0,20,search,46,0,0
41,P10,C13,97792,217088,38.448,0.255,114703,114.703,1,test_054.tif,Lymph,Benign,0,0,ILC,None,-1,20,NA,378,0,0
4,P11,C13,97792,217088,150.772,1,181547,181.547,3,test_054.tif,Lymph,Atypical,0,0,ILC,None,,20,NA,473,0,0
19,P2,C13,97792,217088,25.632,0.17,59184,59.184,1,test_054.tif,Lymph,Benign,0,0,ILC,None,-1,20,NA,133,0,0
22,P3,C13,97792,217088,17.088,0.1133,74861,74.861,3,test_054.tif,Lymph,Benign,0,0,ILC,None,-1,20,NA,206,0,0
58,P4,C13,97792,217088,25.632,0.17,93771,93.771,2,test_054.tif,Lymph,Benign,0,0,ILC,None,-1,20,NA,219,0,0
8,P5,C13,97792,217088,5.063,0.0336,50995,50.995,1,test_054.tif,Lymph,Benign,0,0,ILC,None,-1,20,NA,122,0,0
58,P6,C13,97792,217088,5.063,0.0336,23425,23.425,3,test_054.tif,Lymph,Benign,0,0,ILC,None,-1,20,NA,52,0,0
6,P7,C13,97792,217088,2.25,0.0149,58298,58.298,4,test_054.tif,Lymph,Benign,0,0,ILC,None,-1,20,NA,65,0,0
59,P8,C13,97792,217088,3.375,0.0224,26671,26.671,4,test_054.tif,Lymph,Benign,0,0,ILC,None,-1,20,NA,78,0,0
11,P9,C13,97792,217088,3.375,0.0224,83641,83.641,2,test_054.tif,Lymph,Benign,0,0,ILC,None,,20,NA,239,0,0
2,P1,C4,96768,221184,5.062,0.033,37117,37.117,2,test_013.tif,Lymph,Benign,1,-1,IDC,Micro,0,20,search,84,0,0
6,P10,C14,97792,221184,13.484,0.0878,115257,115.257,1,test_056.tif,Lymph,Benign,0,0,IDC,None,-1,20,NA,318,0,0
16,P11,C14,97792,221184,17.085,0.1112,81372,81.372,3,test_056.tif,Lymph,Benign,0,0,IDC,None,,20,NA,203,0,0
20,P2,C14,97792,221184,31.612,0.2058,75426,75.426,1,test_056.tif,Lymph,Benign,0,0,IDC,None,-1,20,NA,164,0,0
5,P3,C14,97792,221184,25.627,0.1669,97275,97.275,3,test_056.tif,Lymph,Benign,0,0,IDC,None,-1,20,NA,232,0,0
24,P4,C14,97792,221184,38.44,0.2503,89802,89.802,2,test_056.tif,Lymph,Atypical,0,0,IDC,None,0,20,NA,261,0,0
25,P5,C14,97792,221184,11.39,0.0742,99144,99.144,1,test_056.tif,Lymph,Benign,0,0,IDC,None,-1,20,NA,206,0,0
1,P6,C14,97792,221184,7.593,0.0494,44396,44.396,3,test_056.tif,Lymph,Benign,0,0,IDC,None,-1,20,NA,95,0,0
2,P7,C14,97792,221184,11.39,0.0742,118389,118.389,4,test_056.tif,Lymph,Benign,0,0,IDC,None,-1,20,NA,135,0,0
2,P8,C14,97792,221184,1.5,0.0098,50046,50.046,4,test_056.tif,Lymph,Benign,0,0,IDC,None,-1,20,NA,117,0,0
5,P9,C14,97792,221184,5.993,0.039,456833,456.833,2,test_056.tif,Lymph,Benign,0,0,IDC,None,,20,NA,1125,0,0
39,P1,C43,110592,100352,0.749,0.0143,24192,24.192,2,test_014.tif,Lymph,Benign,0,0,DCIS,None,-1,40,NA,57,0,0
52,P10,C15,97792,212992,5.062,0.0342,38763,38.763,1,test_064.tif,Lymph,Benign,1,-1,IDC,Micro,0,20,search,95,0,0
8,P11,C15,97792,212992,25.629,0.1733,38199,38.199,3,test_064.tif,Lymph,Malignant,1,0,IDC,Micro,,20,NA,75,7,0
44,P2,C15,97792,212992,25.629,0.1733,33116,33.116,1,test_064.tif,Lymph,Benign,1,-1,IDC,Micro,0,20,recognition,71,1,0
50,P3,C15,97792,212992,11.391,0.077,26850,26.85,3,test_064.tif,Lymph,Benign,1,-1,IDC,Micro,0,20,search,61,0,0
41,P4,C15,97792,212992,86.497,0.5848,46980,46.98,2,test_064.tif,Lymph,Malignant,1,0,IDC,Micro,0.57,20,NA,80,41,1
29,P5,C15,97792,212992,38.443,0.2599,24325,24.325,1,test_064.tif,Lymph,Malignant,1,0,IDC,Micro,0.35,20,NA,39,10,0
31,P6,C15,97792,212992,11.391,0.077,19710,19.71,3,test_064.tif,Lymph,Benign,1,-1,IDC,Micro,0,20,search,43,0,0
33,P7,C15,97792,212992,7.594,0.0513,76696,76.696,4,test_064.tif,Lymph,Malignant,1,0,IDC,Micro,0.6,20,NA,81,13,0
39,P8,C15,97792,212992,8.657,0.0585,59796,59.796,4,test_064.tif,Lymph,Atypical,1,-1,IDC,Micro,0.35,20,decision,115,46,2
39,P9,C15,97792,212992,25.629,0.1733,34565,34.565,2,test_064.tif,Lymph,Benign,1,-1,IDC,Micro,,20,search,66,0,0
12,P1,C5,110592,93184,1.21,0.0232,26086,26.086,2,test_016.tif,Lymph,Malignant,1,0,IDC,Macro,0.6,40,NA,26,19,2
9,P10,C16,77824,53760,2.213,0.0603,60587,60.587,1,test_065.tif,Lymph,Benign,1,-1,IDC,Micro,0,20,recognition,172,1,0
24,P11,C16,77824,53760,4.98,0.1356,62946,62.946,3,test_065.tif,Lymph,Malignant,1,0,IDC,Micro,,20,NA,156,13,1
55,P2,C16,77824,53760,16.808,0.4577,53537,53.537,1,test_065.tif,Lymph,Benign,1,-1,IDC,Micro,0,20,search,110,0,0
20,P3,C16,77824,53760,36.727,1,40958,40.958,3,test_065.tif,Lymph,Benign,1,-1,IDC,Micro,0,20,recognition,93,1,0
50,P4,C16,77824,53760,24.485,0.6667,106032,106.032,2,test_065.tif,Lymph,Malignant,1,0,IDC,Micro,0.65,20,NA,207,83,1
37,P5,C16,77824,53760,3.32,0.0904,41176,41.176,1,test_065.tif,Lymph,Benign,1,-1,IDC,Micro,0,20,search,81,0,0
33,P6,C16,77824,53760,3.32,0.0904,13763,13.763,3,test_065.tif,Lymph,Benign,1,-1,IDC,Micro,0,20,search,25,0,0
25,P7,C16,77824,53760,0.984,0.0268,37393,37.393,4,test_065.tif,Lymph,Benign,1,-1,IDC,Micro,0,20,search,2,0,0
57,P8,C16,77824,53760,2.213,0.0603,19257,19.257,4,test_065.tif,Lymph,Benign,1,-1,IDC,Micro,0,20,search,51,0,0
14,P9,C16,77824,53760,0.984,0.0268,45489,45.489,2,test_065.tif,Lymph,Benign,1,-1,IDC,Micro,,20,search,107,0,0
38,P1,C44,97792,221184,17.085,0.1112,19293,19.293,2,test_021.tif,Lymph,Malignant,1,0,IDC,Macro,0.58,20,NA,5,18,1
22,P10,C17,155648,86016,3.375,0.0459,102633,102.633,1,test_066.tif,Lymph,Benign,1,-1,IDC,Micro,0,40,recognition,302,1,0
39,P11,C17,155648,86016,1,0.0136,66161,66.161,3,test_066.tif,Lymph,Malignant,1,0,IDC,Micro,,40,NA,171,5,1
52,P2,C17,155648,86016,25.629,0.3489,60401,60.401,1,test_066.tif,Lymph,Benign,1,-1,IDC,Micro,0,40,search,148,0,0
47,P3,C17,155648,86016,11.391,0.1551,56702,56.702,3,test_066.tif,Lymph,Benign,1,-1,IDC,Micro,0,40,recognition,157,0,1
2,P4,C17,155648,86016,7.594,0.1034,287942,287.942,2,test_066.tif,Lymph,Malignant,1,0,IDC,Micro,0.31,40,NA,707,70,5
32,P5,C17,155648,86016,3.375,0.0459,51246,51.246,1,test_066.tif,Lymph,Benign,1,-1,IDC,Micro,0,40,search,143,0,0
57,P6,C17,155648,86016,1,0.0136,19258,19.258,3,test_066.tif,Lymph,Benign,1,-1,IDC,Micro,0,40,search,47,0,0
59,P7,C17,155648,86016,1,0.0136,38554,38.554,4,test_066.tif,Lymph,Benign,1,-1,IDC,Micro,0,40,search,30,0,0
20,P8,C17,155648,86016,1,0.0136,29654,29.654,4,test_066.tif,Lymph,Benign,1,-1,IDC,Micro,0,40,search,67,0,0
31,P9,C17,155648,86016,1,0.0136,49019,49.019,2,test_066.tif,Lymph,Benign,1,-1,IDC,Micro,,40,search,139,0,0
33,P1,C45,97792,221184,3.375,0.022,20026,20.026,2,test_024.tif,Lymph,Benign,0,0,IDC,None,-1,20,NA,45,0,0
59,P10,C18,97792,221184,20.226,0.1317,69505,69.505,1,test_068.tif,Lymph,Benign,1,-1,IDC,Macro,0,20,decision,150,36,2
50,P11,C18,97792,221184,3.375,0.022,9225,9.225,3,test_068.tif,Lymph,Malignant,1,0,IDC,Macro,,20,NA,8,3,0
58,P2,C18,97792,221184,2.25,0.0146,24817,24.817,1,test_068.tif,Lymph,Malignant,1,0,IDC,Macro,0.24,20,NA,29,13,1
19,P3,C18,97792,221184,7.593,0.0494,22267,22.267,3,test_068.tif,Lymph,Malignant,1,0,IDC,Macro,0.05,20,NA,9,20,0
27,P4,C18,97792,221184,86.49,0.5631,32087,32.087,2,test_068.tif,Lymph,Malignant,1,0,IDC,Macro,0.51,20,NA,21,37,3
41,P5,C18,97792,221184,11.39,0.0742,32144,32.144,1,test_068.tif,Lymph,Malignant,1,0,IDC,Macro,0.61,20,NA,6,16,0
25,P6,C18,97792,221184,5.062,0.033,43200,43.2,3,test_068.tif,Lymph,Malignant,1,0,IDC,Macro,0.76,20,NA,90,6,0
7,P7,C18,97792,221184,1.776,0.0116,48993,48.993,4,test_068.tif,Lymph,Malignant,1,0,IDC,Macro,0.69,20,NA,13,20,0
4,P8,C18,97792,221184,2.25,0.0146,17674,17.674,4,test_068.tif,Lymph,Malignant,1,0,IDC,Macro,0.32,20,NA,14,16,1
8,P9,C18,97792,221184,3.375,0.022,29828,29.828,2,test_068.tif,Lymph,Neoplastic,1,-1,IDC,Macro,,20,decision,23,7,2
24,P1,C46,98304,103936,1.5,0.0208,26537,26.537,2,test_026.tif,Lymph,Malignant,1,0,Ductulolobular,Macro,0.68,40,NA,20,19,5
55,P10,C19,159744,86016,1,0.0133,34048,34.048,1,test_073.tif,Lymph,Malignant,1,0,IDC,Macro,0.33,40,NA,31,38,4
17,P11,C19,159744,86016,1,0.0133,41203,41.203,3,test_073.tif,Lymph,Malignant,1,0,IDC,Macro,,40,NA,39,15,2
15,P2,C19,159744,86016,5.063,0.0672,69200,69.2,1,test_073.tif,Lymph,Malignant,1,0,IDC,Macro,0.22,40,NA,31,82,6
23,P3,C19,159744,86016,25.629,0.34,21043,21.043,3,test_073.tif,Lymph,Malignant,1,0,IDC,Macro,0.03,40,NA,12,7,0
42,P4,C19,159744,86016,5.063,0.0672,16393,16.393,2,test_073.tif,Lymph,Malignant,1,0,IDC,Macro,0.14,40,NA,27,3,1
7,P5,C19,159744,86016,5.063,0.0672,48263,48.263,1,test_073.tif,Lymph,Malignant,1,0,IDC,Macro,0.28,40,NA,29,32,0
13,P6,C19,159744,86016,1,0.0133,28974,28.974,3,test_073.tif,Lymph,Malignant,1,0,IDC,Macro,0.32,40,NA,33,6,1
23,P7,C19,159744,86016,1,0.0133,147307,147.307,4,test_073.tif,Lymph,Malignant,1,0,IDC,Macro,0.38,40,NA,113,3,0
54,P8,C19,159744,86016,1,0.0133,8003,8.003,4,test_073.tif,Lymph,Malignant,1,0,IDC,Macro,0.18,40,NA,7,8,0
27,P9,C19,159744,86016,1,0.0133,52148,52.148,2,test_073.tif,Lymph,Malignant,1,0,IDC,Macro,,40,NA,78,21,2
23,P1,C47,97792,221184,57.66,0.3754,27429,27.429,2,test_027.tif,Lymph,Malignant,1,0,IDC,Macro,0.88,20,NA,35,26,1
45,P10,C2,106496,93184,0.777,0.0155,68152,68.152,1,test_008.tif,Lymph,Benign,1,-1,Ductulolobular,Micro,0,40,search,178,0,0
13,P11,C2,106496,93184,1.961,0.039,142091,142.091,3,test_008.tif,Lymph,Benign,1,-1,Ductulolobular,Micro,,40,search,326,0,0
40,P2,C2,106496,93184,22.337,0.4444,49534,49.534,1,test_008.tif,Lymph,Benign,1,-1,Ductulolobular,Micro,0,40,search,114,0,0
60,P3,C2,106496,93184,33.505,0.6667,105136,105.136,3,test_008.tif,Lymph,Atypical,1,-1,Ductulolobular,Micro,0.77,40,decision,174,68,5
51,P4,C2,106496,93184,6.618,0.1317,210928,210.928,2,test_008.tif,Lymph,Benign,1,-1,Ductulolobular,Micro,0,40,search,591,0,0
40,P5,C2,106496,93184,3.932,0.0782,55172,55.172,1,test_008.tif,Lymph,Benign,1,-1,Ductulolobular,Micro,0,40,search,141,0,0
12,P6,C2,106496,93184,1.747,0.0348,59729,59.729,3,test_008.tif,Lymph,Benign,1,-1,Ductulolobular,Micro,0,40,search,146,0,0
39,P7,C2,106496,93184,0.777,0.0155,101931,101.931,4,test_008.tif,Lymph,Benign,1,-1,Ductulolobular,Micro,0,40,search,116,0,0
16,P8,C2,106496,93184,3.932,0.0782,39504,39.504,4,test_008.tif,Lymph,Benign,1,-1,Ductulolobular,Micro,0,40,decision,81,24,2
32,P9,C2,106496,93184,0.777,0.0155,35523,35.523,2,test_008.tif,Lymph,Benign,1,-1,Ductulolobular,Micro,,40,search,95,0,0
1,P1,C48,97792,221184,5.062,0.033,36139,36.139,2,test_029.tif,Lymph,Benign,1,-1,IDC,Micro,0,20,search,69,0,0
15,P10,C20,97792,211968,1.702,0.0116,87853,87.853,1,test_074.tif,Lymph,Benign,1,-1,IDC,Micro,0,20,search,264,0,0
2,P11,C20,97792,211968,7.595,0.0516,100259,100.259,3,test_074.tif,Lymph,Malignant,1,0,IDC,Micro,,20,NA,280,11,2
50,P2,C20,97792,211968,7.595,0.0516,62661,62.661,1,test_074.tif,Lymph,Benign,1,-1,IDC,Micro,0,20,search,147,0,0
18,P3,C20,97792,211968,57.672,0.3917,63125,63.125,3,test_074.tif,Lymph,Malignant,1,0,IDC,Micro,0.56,20,NA,117,22,2
16,P4,C20,97792,211968,86.509,0.5876,203703,203.703,2,test_074.tif,Lymph,Malignant,1,0,IDC,Micro,0.26,20,NA,515,26,0
14,P5,C20,97792,211968,8.616,0.0585,53744,53.744,1,test_074.tif,Lymph,Benign,1,-1,IDC,Micro,0,20,recognition,127,1,0
34,P6,C20,97792,211968,5.063,0.0344,27737,27.737,3,test_074.tif,Lymph,Benign,1,-1,IDC,Micro,0,20,search,71,0,0
54,P7,C20,97792,211968,5.063,0.0344,35461,35.461,4,test_074.tif,Lymph,Benign,1,-1,IDC,Micro,0,20,search,60,0,0
5,P8,C20,97792,211968,7.595,0.0516,31452,31.452,4,test_074.tif,Lymph,Benign,1,-1,IDC,Micro,0,20,search,88,0,0
38,P9,C20,97792,211968,1,0.0068,58811,58.811,2,test_074.tif,Lymph,Benign,1,-1,IDC,Micro,,20,search,167,0,0
28,P1,C49,97792,221184,3.375,0.022,31900,31.9,2,test_030.tif,Lymph,Benign,1,-1,IDC with colloid carcinoma,Macro,0,20,search,73,0,0
48,P10,C21,97792,212992,17.086,0.1155,49501,49.501,1,test_075.tif,Lymph,Malignant,1,0,IDC,Macro,0.48,20,NA,60,44,2
47,P11,C21,97792,212992,11.391,0.077,12291,12.291,3,test_075.tif,Lymph,Malignant,1,0,IDC,Macro,,20,NA,9,7,1
22,P2,C21,97792,212992,7.594,0.0513,53844,53.844,1,test_075.tif,Lymph,Malignant,1,0,IDC,Macro,0.28,20,NA,93,27,0
41,P3,C21,97792,212992,17.086,0.1155,27965,27.965,3,test_075.tif,Lymph,Malignant,1,0,IDC,Macro,0.31,20,NA,14,15,1
9,P4,C21,97792,212992,11.391,0.077,27990,27.99,2,test_075.tif,Lymph,Malignant,1,0,IDC,Macro,0.28,20,NA,32,17,0
12,P5,C21,97792,212992,25.629,0.1733,47680,47.68,1,test_075.tif,Lymph,Malignant,1,0,IDC,Macro,0.35,20,NA,26,55,2
52,P6,C21,97792,212992,7.594,0.0513,14176,14.176,3,test_075.tif,Lymph,Malignant,1,0,IDC,Macro,0.27,20,NA,12,9,0
40,P7,C21,97792,212992,1.71,0.0116,96880,96.88,4,test_075.tif,Lymph,Malignant,1,0,IDC,Macro,0.54,20,NA,98,54,0
49,P8,C21,97792,212992,25.629,0.1733,12017,12.017,4,test_075.tif,Lymph,Malignant,1,0,IDC,Macro,0.26,20,NA,3,18,0
7,P9,C21,97792,212992,7.594,0.0513,25401,25.401,2,test_075.tif,Lymph,Neoplastic,1,-1,IDC,Macro,,20,decision,38,14,0
53,P1,C50,188416,103936,3.375,0.038,59520,59.52,2,test_033.tif,Lymph,Benign,1,-1,IDC,Micro,0,40,search,170,0,0
8,P10,C22,110592,96768,0.777,0.0149,89273,89.273,1,test_078.tif,Lymph,Benign,0,0,DCIS,None,-1,40,NA,289,0,0
48,P11,C22,110592,96768,3.932,0.0753,115233,115.233,3,test_078.tif,Lymph,Benign,0,0,DCIS,None,,40,NA,320,0,0
9,P2,C22,110592,96768,0.777,0.0149,101055,101.055,1,test_078.tif,Lymph,Benign,0,0,DCIS,None,-1,40,NA,230,0,0
9,P3,C22,110592,96768,8.846,0.1695,36520,36.52,3,test_078.tif,Lymph,Benign,0,0,DCIS,None,-1,40,NA,79,0,0
29,P4,C22,110592,96768,8.846,0.1695,91813,91.813,2,test_078.tif,Lymph,Benign,0,0,DCIS,None,-1,40,NA,251,0,0
2,P5,C22,110592,96768,0.777,0.0149,83960,83.96,1,test_078.tif,Lymph,Benign,0,0,DCIS,None,-1,40,NA,224,0,0
44,P6,C22,110592,96768,3.932,0.0753,24516,24.516,3,test_078.tif,Lymph,Benign,0,0,DCIS,None,-1,40,NA,55,0,0
34,P7,C22,110592,96768,0.777,0.0149,75841,75.841,4,test_078.tif,Lymph,Benign,0,0,DCIS,None,-1,40,NA,85,0,0
51,P8,C22,110592,96768,3.932,0.0753,28958,28.958,4,test_078.tif,Lymph,Benign,0,0,DCIS,None,-1,40,NA,90,0,0
36,P9,C22,110592,96768,0.777,0.0149,41072,41.072,2,test_078.tif,Lymph,Benign,0,0,DCIS,None,,40,NA,102,0,0
59,P1,C6,97792,221696,1.5,0.0097,14156,14.156,2,test_036.tif,Lymph,Benign,0,0,DCIS,None,-1,20,NA,29,0,0
13,P10,C23,102400,86016,0.809,0.0167,83689,83.689,1,test_079.tif,Lymph,Benign,1,-1,Ductulolobular,Micro,0,40,recognition,257,1,0
21,P11,C23,102400,86016,9.546,0.1975,88876,88.876,3,test_079.tif,Lymph,Malignant,1,0,Ductulolobular,Micro,,40,NA,146,40,0
17,P2,C23,102400,86016,20.734,0.4291,51736,51.736,1,test_079.tif,Lymph,Benign,1,-1,Ductulolobular,Micro,0,40,recognition,135,1,0
24,P3,C23,102400,86016,32.216,0.6667,87162,87.162,3,test_079.tif,Lymph,Malignant,1,0,Ductulolobular,Micro,0.17,40,NA,130,67,3
59,P4,C23,102400,86016,4.242,0.0878,199965,199.965,2,test_079.tif,Lymph,Atypical,1,-1,Ductulolobular,Micro,0.04,40,decision,383,120,8
5,P5,C23,102400,86016,0.809,0.0167,47518,47.518,1,test_079.tif,Lymph,Benign,1,-1,Ductulolobular,Micro,0,40,search,102,0,0
5,P6,C23,102400,86016,2.73,0.0565,36956,36.956,3,test_079.tif,Lymph,Benign,1,-1,Ductulolobular,Micro,0,40,search,85,0,0
12,P7,C23,102400,86016,0.809,0.0167,138918,138.918,4,test_079.tif,Lymph,Malignant,1,0,Ductulolobular,Micro,0.19,40,NA,8,0,0
48,P8,C23,102400,86016,32.216,0.6667,49968,49.968,4,test_079.tif,Lymph,Malignant,1,0,Ductulolobular,Micro,0.08,40,NA,86,53,0
10,P9,C23,102400,86016,0.809,0.0167,68934,68.934,2,test_079.tif,Lymph,Benign,1,-1,Ductulolobular,Micro,,40,recognition,174,1,0
14,P1,C7,97792,218624,3.375,0.0222,32762,32.762,2,test_038.tif,Lymph,Benign,1,-1,IDC,Micro,0,20,recognition,80,1,0
47,P10,C24,97792,217088,29.782,0.1975,117461,117.461,1,test_082.tif,Lymph,Benign,1,-1,IDC,Macro,0,20,decision,211,92,9
27,P11,C24,97792,217088,7.595,0.0504,19897,19.897,3,test_082.tif,Lymph,Malignant,1,0,IDC,Macro,,20,NA,36,11,0
59,P2,C24,97792,217088,3.375,0.0224,35167,35.167,1,test_082.tif,Lymph,Malignant,1,0,IDC,Macro,0.12,20,NA,30,15,0
40,P3,C24,97792,217088,5.063,0.0336,52961,52.961,3,test_082.tif,Lymph,Malignant,1,0,IDC,Macro,0.14,20,NA,54,44,5
47,P4,C24,97792,217088,25.632,0.17,33467,33.467,2,test_082.tif,Lymph,Malignant,1,0,IDC,Macro,0.07,20,NA,40,21,1
59,P5,C24,97792,217088,17.088,0.1133,46388,46.388,1,test_082.tif,Lymph,Malignant,1,0,IDC,Macro,0.13,20,NA,82,28,0
41,P6,C24,97792,217088,11.392,0.0756,11408,11.408,3,test_082.tif,Lymph,Malignant,1,0,IDC,Macro,0.16,20,NA,9,7,0
31,P7,C24,97792,217088,1,0.0066,110183,110.183,4,test_082.tif,Lymph,Malignant,1,0,IDC,Macro,0.33,20,NA,111,50,0
60,P8,C24,97792,217088,25.632,0.17,18908,18.908,4,test_082.tif,Lymph,Malignant,1,0,IDC,Macro,0.27,20,NA,20,19,0
15,P9,C24,97792,217088,5.063,0.0336,32840,32.84,2,test_082.tif,Lymph,Neoplastic,1,-1,IDC,Macro,,20,decision,42,24,1
40,P1,C51,97792,221696,38.444,0.2497,25063,25.063,2,test_040.tif,Lymph,Malignant,1,0,IDC,Macro,0.45,20,NA,11,22,3
54,P10,C25,118784,82432,3.305,0.059,47659,47.659,1,test_084.tif,Lymph,Benign,1,-1,Tubular,Micro,0,40,search,133,0,0
34,P11,C25,118784,82432,4.957,0.0884,53436,53.436,3,test_084.tif,Lymph,Benign,1,-1,Tubular,Micro,,40,decision,150,7,0
53,P2,C25,118784,82432,11.073,0.1975,72406,72.406,1,test_084.tif,Lymph,Benign,1,-1,Tubular,Micro,0,40,decision,149,23,1
35,P3,C25,118784,82432,56.057,1,141359,141.359,3,test_084.tif,Lymph,Atypical,1,-1,Tubular,Micro,0.54,40,decision,220,123,4
34,P4,C25,118784,82432,11.154,0.199,74757,74.757,2,test_084.tif,Lymph,Benign,1,-1,Tubular,Micro,0,40,recognition,205,2,0
57,P5,C25,118784,82432,3.305,0.059,52664,52.664,1,test_084.tif,Lymph,Benign,1,-1,Tubular,Micro,0,40,search,155,0,0
49,P6,C25,118784,82432,4.957,0.0884,24482,24.482,3,test_084.tif,Lymph,Benign,1,-1,Tubular,Micro,0,40,search,48,0,0
1,P7,C25,118784,82432,0.979,0.0175,61161,61.161,4,test_084.tif,Lymph,Benign,1,-1,Tubular,Micro,0,40,search,51,0,0
30,P8,C25,118784,82432,0.979,0.0175,18443,18.443,4,test_084.tif,Lymph,Benign,1,-1,Tubular,Micro,0,40,search,50,0,0
18,P9,C25,118784,82432,4.957,0.0884,75313,75.313,2,test_084.tif,Lymph,Benign,1,-1,Tubular,Micro,,40,decision,195,30,0
47,P1,C52,97792,221184,17.085,0.1112,24481,24.481,2,test_043.tif,Lymph,Benign,0,0,IDC,None,-1,20,NA,56,0,0
30,P10,C26,97792,220672,7.595,0.0496,53180,53.18,1,test_085.tif,Lymph,Benign,0,0,IDC,None,-1,20,NA,143,0,0
26,P11,C26,97792,220672,20.183,0.1317,104146,104.146,3,test_085.tif,Lymph,Benign,0,0,IDC,None,,20,NA,288,0,0
46,P2,C26,97792,220672,2.658,0.0173,48805,48.805,1,test_085.tif,Lymph,Benign,0,0,IDC,None,-1,20,NA,75,0,0
37,P3,C26,97792,220672,2.658,0.0173,56152,56.152,3,test_085.tif,Lymph,Benign,0,0,IDC,None,-1,20,NA,144,0,0
28,P4,C26,97792,220672,25.632,0.1672,109704,109.704,2,test_085.tif,Lymph,Benign,0,0,IDC,None,-1,20,NA,283,0,0
33,P5,C26,97792,220672,5.063,0.033,29532,29.532,1,test_085.tif,Lymph,Benign,0,0,IDC,None,-1,20,NA,56,0,0
37,P6,C26,97792,220672,2.25,0.0147,25997,25.997,3,test_085.tif,Lymph,Benign,0,0,IDC,None,-1,20,NA,58,0,0
57,P7,C26,97792,220672,1,0.0065,54050,54.05,4,test_085.tif,Lymph,Benign,0,0,IDC,None,-1,20,NA,32,0,0
25,P8,C26,97792,220672,3.375,0.022,12524,12.524,4,test_085.tif,Lymph,Benign,0,0,IDC,None,-1,20,NA,28,0,0
40,P9,C26,97792,220672,1,0.0065,40595,40.595,2,test_085.tif,Lymph,Benign,0,0,IDC,None,,20,NA,96,0,0
20,P1,C8,97792,221184,11.39,0.0742,27822,27.822,2,test_045.tif,Lymph,Benign,0,0,IDC,None,-1,20,NA,64,0,0
39,P10,C27,126976,103936,11.837,0.1975,137516,137.516,1,test_092.tif,Lymph,Malignant,1,0,IDC,Micro,0.57,40,NA,326,63,4
35,P11,C27,126976,103936,9.457,0.1578,42662,42.662,3,test_092.tif,Lymph,Malignant,1,0,IDC,Micro,,40,NA,96,7,0
23,P2,C27,126976,103936,0.83,0.0139,79645,79.645,1,test_092.tif,Lymph,Malignant,1,0,IDC,Micro,0.38,40,NA,167,26,2
13,P3,C27,126976,103936,0.83,0.0139,61723,61.723,3,test_092.tif,Lymph,Benign,1,-1,IDC,Micro,0,40,recognition,158,1,0
35,P4,C27,126976,103936,9.457,0.1578,56933,56.933,2,test_092.tif,Lymph,Malignant,1,0,IDC,Micro,0.58,40,NA,136,9,3
20,P5,C27,126976,103936,4.203,0.0701,39525,39.525,1,test_092.tif,Lymph,Malignant,1,0,IDC,Micro,0.69,40,NA,63,18,1
27,P6,C27,126976,103936,1.868,0.0312,17621,17.621,3,test_092.tif,Lymph,Malignant,1,0,IDC,Micro,0.46,40,NA,31,5,0
51,P7,C27,126976,103936,4.203,0.0701,63310,63.31,4,test_092.tif,Lymph,Malignant,1,0,IDC,Micro,0.75,40,NA,43,11,0
24,P8,C27,126976,103936,14.185,0.2367,17771,17.771,4,test_092.tif,Lymph,Malignant,1,0,IDC,Micro,0.43,40,NA,22,13,1
47,P9,C27,126976,103936,2.802,0.0468,55514,55.514,2,test_092.tif,Lymph,Malignant,1,0,IDC,Micro,,40,NA,155,15,0
60,P1,C9,98304,82432,4.103,0.0884,22237,22.237,2,test_048.tif,Lymph,Benign,1,-1,Ductulolobular,Micro,0,40,search,52,0,0
21,P10,C28,110592,57344,1,0.0192,83840,83.84,1,test_095.tif,Lymph,Benign,0,0,IDC,None,-1,40,NA,220,0,0
59,P11,C28,110592,57344,11.391,0.2183,77178,77.178,3,test_095.tif,Lymph,Benign,0,0,IDC,None,,40,NA,217,0,0
27,P2,C28,110592,57344,1,0.0192,92178,92.178,1,test_095.tif,Lymph,Benign,0,0,IDC,None,-1,40,NA,211,0,0
55,P3,C28,110592,57344,7.594,0.1455,34286,34.286,3,test_095.tif,Lymph,Benign,0,0,IDC,None,-1,40,NA,86,0,0
32,P4,C28,110592,57344,5.063,0.097,74868,74.868,2,test_095.tif,Lymph,Benign,0,0,IDC,None,-1,40,NA,202,0,0
23,P5,C28,110592,57344,2.25,0.0431,37256,37.256,1,test_095.tif,Lymph,Benign,0,0,IDC,None,-1,40,NA,89,0,0
16,P6,C28,110592,57344,3.375,0.0647,23879,23.879,3,test_095.tif,Lymph,Benign,0,0,IDC,None,-1,40,NA,55,0,0
15,P7,C28,110592,57344,1,0.0192,56332,56.332,4,test_095.tif,Lymph,Benign,0,0,IDC,None,-1,40,NA,38,0,0
7,P8,C28,110592,57344,1.5,0.0287,29856,29.856,4,test_095.tif,Lymph,Benign,0,0,IDC,None,-1,40,NA,84,0,0
17,P9,C28,110592,57344,38.443,0.7366,61544,61.544,2,test_095.tif,Lymph,Benign,0,0,IDC,None,,40,NA,150,0,0
26,P1,C10,96768,211968,38.439,0.2612,68841,68.841,2,test_051.tif,Lymph,Malignant,1,0,IDC,Macro,0.15,20,NA,87,87,5
40,P10,C29,97280,189952,7.593,0.0576,86599,86.599,1,test_097.tif,Lymph,Benign,1,-1,IDC,Micro,0,20,search,269,0,0
3,P11,C29,97280,189952,2.25,0.0171,78286,78.286,3,test_097.tif,Lymph,Malignant,1,0,IDC,Micro,,20,NA,220,3,1
60,P2,C29,97280,189952,11.389,0.0864,45110,45.11,1,test_097.tif,Lymph,Benign,1,-1,IDC,Micro,0,20,search,93,0,0
12,P3,C29,97280,189952,11.389,0.0864,56348,56.348,3,test_097.tif,Lymph,Benign,1,-1,IDC,Micro,0,20,search,155,0,0
11,P4,C29,97280,189952,1,0.0076,147997,147.997,2,test_097.tif,Lymph,Benign,1,-1,IDC,Micro,0,20,search,410,0,0
50,P5,C29,97280,189952,1.5,0.0114,32235,32.235,1,test_097.tif,Lymph,Benign,1,-1,IDC,Micro,0,20,search,91,0,0
6,P6,C29,97280,189952,5.062,0.0384,62021,62.021,3,test_097.tif,Lymph,Benign,1,-1,IDC,Micro,0,20,search,103,0,0
56,P7,C29,97280,189952,11.389,0.0864,52541,52.541,4,test_097.tif,Lymph,Benign,1,-1,IDC,Micro,0,20,search,52,0,0
47,P8,C29,97280,189952,2.25,0.0171,18652,18.652,4,test_097.tif,Lymph,Benign,1,-1,IDC,Micro,0,20,search,47,0,0
29,P9,C29,97280,189952,1,0.0076,62648,62.648,2,test_097.tif,Lymph,Benign,1,-1,IDC,Micro,,20,search,157,0,0
16,P1,C11,97792,219648,11.39,0.0747,30654,30.654,2,test_052.tif,Lymph,Benign,1,-1,IDC,Micro,0,20,search,76,0,0
33,P10,C3,86528,207360,38.439,0.267,78711,78.711,1,test_010.tif,Lymph,Benign,1,-1,IDC,Micro,0,20,search,207,0,0
37,P11,C3,86528,207360,5.062,0.0352,68740,68.74,3,test_010.tif,Lymph,Malignant,1,0,IDC,Micro,,20,NA,177,7,0
41,P2,C3,86528,207360,2.25,0.0156,55587,55.587,1,test_010.tif,Lymph,Benign,1,-1,IDC,Micro,0,20,search,112,0,0
2,P3,C3,86528,207360,129.73,0.901,60850,60.85,3,test_010.tif,Lymph,Malignant,1,0,IDC,Micro,0.3,20,NA,94,29,2
39,P4,C3,86528,207360,57.658,0.4005,96673,96.673,2,test_010.tif,Lymph,Malignant,1,0,IDC,Micro,0.48,20,NA,243,9,0
31,P5,C3,86528,207360,17.084,0.1187,59170,59.17,1,test_010.tif,Lymph,Benign,1,-1,IDC,Micro,0,20,search,161,0,0
39,P6,C3,86528,207360,17.084,0.1187,20473,20.473,3,test_010.tif,Lymph,Benign,1,-1,IDC,Micro,0,20,search,39,0,0
35,P7,C3,86528,207360,5.062,0.0352,63079,63.079,4,test_010.tif,Lymph,Benign,1,-1,IDC,Micro,0,20,search,54,0,0
27,P8,C3,86528,207360,2.25,0.0156,11647,11.647,4,test_010.tif,Lymph,Benign,1,-1,IDC,Micro,0,20,search,22,0,0
48,P9,C3,86528,207360,1,0.0069,30375,30.375,2,test_010.tif,Lymph,Benign,1,-1,IDC,Micro,,20,search,61,0,0
50,P1,C12,97792,218624,11.391,0.075,36593,36.593,2,test_053.tif,Lymph,Benign,0,0,IDC,None,-1,20,NA,95,0,0
28,P10,C30,98304,86016,2.621,0.0565,90943,90.943,1,test_099.tif,Lymph,Benign,1,-1,Ductulolobular,Micro,0,40,search,261,0,0
58,P11,C30,98304,86016,8.846,0.1907,105507,105.507,3,test_099.tif,Lymph,Benign,1,-1,Ductulolobular,Micro,,40,search,311,0,0
32,P2,C30,98304,86016,0.777,0.0167,48984,48.984,1,test_099.tif,Lymph,Benign,1,-1,Ductulolobular,Micro,0,40,search,98,0,0
21,P3,C30,98304,86016,0.777,0.0167,57957,57.957,3,test_099.tif,Lymph,Benign,1,-1,Ductulolobular,Micro,0,40,search,149,0,0
14,P4,C30,98304,86016,8.846,0.1907,115127,115.127,2,test_099.tif,Lymph,Benign,1,-1,Ductulolobular,Micro,0,40,search,311,0,0
49,P5,C30,98304,86016,1.165,0.0251,17180,17.18,1,test_099.tif,Lymph,Benign,1,-1,Ductulolobular,Micro,0,40,search,35,0,0
18,P6,C30,98304,86016,5.898,0.1271,44474,44.474,3,test_099.tif,Lymph,Benign,1,-1,Ductulolobular,Micro,0,40,search,101,0,0
26,P7,C30,98304,86016,0.777,0.0167,91535,91.535,4,test_099.tif,Lymph,Benign,1,-1,Ductulolobular,Micro,0,40,search,38,0,0
11,P8,C30,98304,86016,0.777,0.0167,30184,30.184,4,test_099.tif,Lymph,Benign,1,-1,Ductulolobular,Micro,0,40,search,74,0,0
1,P9,C30,98304,86016,3.932,0.0848,112503,112.503,2,test_099.tif,Lymph,Benign,1,-1,Ductulolobular,Micro,,40,search,320,0,0
8,P1,C13,97792,217088,7.595,0.0504,34483,34.483,2,test_054.tif,Lymph,Benign,0,0,ILC,None,-1,20,NA,79,0,0
24,P10,C31,192512,111104,26.919,0.2963,56473,56.473,1,test_102.tif,Lymph,Malignant,1,0,Ductulolobular,Micro,0.32,40,NA,101,42,5
23,P11,C31,192512,111104,25.629,0.2821,60947,60.947,3,test_102.tif,Lymph,Malignant,1,0,Ductulolobular,Micro,,40,NA,123,23,1
35,P2,C31,192512,111104,1,0.011,42821,42.821,1,test_102.tif,Lymph,Benign,1,-1,Ductulolobular,Micro,0,40,decision,76,18,0
46,P3,C31,192512,111104,25.629,0.2821,43974,43.974,3,test_102.tif,Lymph,Malignant,1,0,Ductulolobular,Micro,0.33,40,NA,56,43,2
18,P4,C31,192512,111104,17.086,0.1881,46283,46.283,2,test_102.tif,Lymph,Malignant,1,0,Ductulolobular,Micro,0.15,40,NA,109,5,0
26,P5,C31,192512,111104,17.086,0.1881,28740,28.74,1,test_102.tif,Lymph,Malignant,1,0,Ductulolobular,Micro,0.15,40,NA,24,7,0
29,P6,C31,192512,111104,7.594,0.0836,16457,16.457,3,test_102.tif,Lymph,Benign,1,-1,Ductulolobular,Micro,0,40,search,28,0,0
32,P7,C31,192512,111104,11.964,0.1317,61841,61.841,4,test_102.tif,Lymph,Malignant,1,0,Ductulolobular,Micro,0.25,40,NA,36,13,0
9,P8,C31,192512,111104,11.391,0.1254,17909,17.909,4,test_102.tif,Lymph,Benign,1,-1,Ductulolobular,Micro,0,40,search,38,0,0
56,P9,C31,192512,111104,1,0.011,25214,25.214,2,test_102.tif,Lymph,Benign,1,-1,Ductulolobular,Micro,,40,search,61,0,0
32,P1,C14,97792,221184,11.39,0.0742,40766,40.766,2,test_056.tif,Lymph,Benign,0,0,IDC,None,-1,20,NA,90,0,0
18,P10,C32,96768,210432,1.5,0.0103,144437,144.437,1,test_104.tif,Lymph,Benign,1,-1,IDC,Macro,0,20,decision,411,22,2
45,P11,C32,96768,210432,17.086,0.1169,51355,51.355,3,test_104.tif,Lymph,Malignant,1,0,IDC,Macro,,20,NA,129,11,2
25,P2,C32,96768,210432,64.948,0.4444,91389,91.389,1,test_104.tif,Lymph,Malignant,1,0,IDC,Macro,0.38,20,NA,128,44,0
31,P3,C32,96768,210432,3.375,0.0231,40176,40.176,3,test_104.tif,Lymph,Malignant,1,0,IDC,Macro,0.2,20,NA,46,31,1
26,P4,C32,96768,210432,25.629,0.1754,24603,24.603,2,test_104.tif,Lymph,Malignant,1,0,IDC,Macro,0.32,20,NA,37,14,2
28,P5,C32,96768,210432,17.086,0.1169,26925,26.925,1,test_104.tif,Lymph,Malignant,1,0,IDC,Macro,0.28,20,NA,41,9,1
21,P6,C32,96768,210432,3.375,0.0231,39720,39.72,3,test_104.tif,Lymph,Malignant,1,0,IDC,Macro,0.52,20,NA,51,15,3
17,P7,C32,96768,210432,1,0.0068,45747,45.747,4,test_104.tif,Lymph,Benign,1,-1,IDC,Macro,0,20,search,6,0,0
19,P8,C32,96768,210432,25.629,0.1754,15606,15.606,4,test_104.tif,Lymph,Malignant,1,0,IDC,Macro,0.35,20,NA,14,17,1
2,P9,C32,96768,210432,25.629,0.1754,63316,63.316,2,test_104.tif,Lymph,Neoplastic,1,-1,IDC,Macro,,20,decision,99,33,2
30,P1,C53,94208,100352,5.061,0.0726,28845,28.845,2,test_058.tif,Lymph,Benign,0,0,Tubulo-lobular,None,-1,40,NA,82,0,0
1,P10,C33,126976,93184,0.926,0.0155,70741,70.741,1,test_105.tif,Lymph,Malignant,1,0,IDC,Macro,0.83,40,NA,51,111,2
51,P11,C33,126976,93184,0.926,0.0155,9700,9.7,3,test_105.tif,Lymph,Malignant,1,0,IDC,Macro,,40,NA,1,9,1
38,P2,C33,126976,93184,0.926,0.0155,31891,31.891,1,test_105.tif,Lymph,Malignant,1,0,IDC,Macro,0.49,40,NA,6,35,1
32,P3,C33,126976,93184,0.926,0.0155,23168,23.168,3,test_105.tif,Lymph,Malignant,1,0,IDC,Macro,0.79,40,NA,1,21,0
4,P4,C33,126976,93184,0.926,0.0155,59290,59.29,2,test_105.tif,Lymph,Malignant,1,0,IDC,Macro,0.03,40,NA,13,77,6
44,P5,C33,126976,93184,0.926,0.0155,55680,55.68,1,test_105.tif,Lymph,Malignant,1,0,IDC,Macro,0.7,40,NA,10,67,8
30,P6,C33,126976,93184,0.926,0.0155,10123,10.123,3,test_105.tif,Lymph,Malignant,1,0,IDC,Macro,0.76,40,NA,3,14,1
42,P7,C33,126976,93184,0.926,0.0155,36602,36.602,4,test_105.tif,Lymph,Malignant,1,0,IDC,Macro,0.83,40,NA,8,44,1
34,P8,C33,126976,93184,0.926,0.0155,9637,9.637,4,test_105.tif,Lymph,Malignant,1,0,IDC,Macro,0.71,40,NA,1,11,0
51,P9,C33,126976,93184,0.926,0.0155,22537,22.537,2,test_105.tif,Lymph,Malignant,1,0,IDC,Macro,,40,NA,19,29,1
45,P1,C15,97792,212992,38.443,0.2599,22562,22.562,2,test_064.tif,Lymph,Benign,1,-1,IDC,Micro,0,20,search,38,0,0
49,P10,C34,97792,221184,13.484,0.0878,48762,48.762,1,test_108.tif,Lymph,Malignant,1,0,IDC,Micro,0.12,20,NA,46,95,3
57,P11,C34,97792,221184,25.627,0.1669,17528,17.528,3,test_108.tif,Lymph,Malignant,1,0,IDC,Micro,,20,NA,4,5,1
36,P2,C34,97792,221184,1,0.0065,36524,36.524,1,test_108.tif,Lymph,Malignant,1,0,IDC,Micro,0.45,20,NA,25,27,2
16,P3,C34,97792,221184,57.66,0.3754,24576,24.576,3,test_108.tif,Lymph,Malignant,1,0,IDC,Micro,0.58,20,NA,13,24,2
7,P4,C34,97792,221184,25.627,0.1669,38081,38.081,2,test_108.tif,Lymph,Malignant,1,0,IDC,Micro,0.72,20,NA,13,5,0
24,P5,C34,97792,221184,2.25,0.0146,25492,25.492,1,test_108.tif,Lymph,Malignant,1,0,IDC,Micro,0.41,20,NA,22,15,0
9,P6,C34,97792,221184,25.627,0.1669,24849,24.849,3,test_108.tif,Lymph,Malignant,1,0,IDC,Micro,0.8,20,NA,12,6,5
49,P7,C34,97792,221184,8.989,0.0585,31863,31.863,4,test_108.tif,Lymph,Malignant,1,0,IDC,Micro,0.7,20,NA,18,6,0
15,P8,C34,97792,221184,38.44,0.2503,13100,13.1,4,test_108.tif,Lymph,Malignant,1,0,IDC,Micro,0.56,20,NA,9,10,0
46,P9,C34,97792,221184,7.593,0.0494,17195,17.195,2,test_108.tif,Lymph,Malignant,1,0,IDC,Micro,,20,NA,17,17,0
10,P1,C16,77824,53760,25.212,0.6865,66998,66.998,2,test_065.tif,Lymph,Malignant,1,0,IDC,Micro,0.66,20,NA,115,57,1
32,P10,C35,131072,107520,12.218,0.1975,113378,113.378,1,test_113.tif,Lymph,Neoplastic,1,-1,ILC,Macro,0.67,40,decision,44,216,15
42,P11,C35,131072,107520,0.828,0.0134,15246,15.246,3,test_113.tif,Lymph,Malignant,1,0,ILC,Macro,,40,NA,5,11,1
49,P2,C35,131072,107520,27.491,0.4444,50536,50.536,1,test_113.tif,Lymph,Malignant,1,0,ILC,Macro,0.56,40,NA,6,57,6
43,P3,C35,131072,107520,9.436,0.1526,14954,14.954,3,test_113.tif,Lymph,Malignant,1,0,ILC,Macro,0.53,40,NA,6,19,2
8,P4,C35,131072,107520,14.154,0.2288,34822,34.822,2,test_113.tif,Lymph,Malignant,1,0,ILC,Macro,0.11,40,NA,12,42,4
3,P5,C35,131072,107520,9.436,0.1526,56791,56.791,1,test_113.tif,Lymph,Malignant,1,0,ILC,Macro,0.59,40,NA,7,56,0
53,P6,C35,131072,107520,0.828,0.0134,9631,9.631,3,test_113.tif,Lymph,Malignant,1,0,ILC,Macro,0.51,40,NA,5,10,0
5,P7,C35,131072,107520,0.828,0.0134,26079,26.079,4,test_113.tif,Lymph,Malignant,1,0,ILC,Macro,0.6,40,NA,0,0,0
12,P8,C35,131072,107520,1.243,0.0201,13440,13.44,4,test_113.tif,Lymph,Malignant,1,0,ILC,Macro,0.5,40,NA,8,15,0
59,P9,C35,131072,107520,0.828,0.0134,20346,20.346,2,test_113.tif,Lymph,Malignant,1,0,ILC,Macro,,40,NA,11,18,2
6,P1,C17,155648,86016,7.594,0.1034,32743,32.743,2,test_066.tif,Lymph,Benign,1,-1,IDC,Micro,0,40,search,76,0,0
51,P10,C36,97792,221184,38.44,0.2503,35941,35.941,1,test_115.tif,Lymph,Benign,0,0,IDC,None,-1,20,NA,83,0,0
18,P11,C36,97792,221184,2.25,0.0146,51333,51.333,3,test_115.tif,Lymph,Benign,0,0,IDC,None,,20,NA,125,0,0
4,P2,C36,97792,221184,2.663,0.0173,96242,96.242,1,test_115.tif,Lymph,Benign,0,0,IDC,None,-1,20,NA,244,0,0
29,P3,C36,97792,221184,17.085,0.1112,20997,20.997,3,test_115.tif,Lymph,Benign,0,0,IDC,None,-1,20,NA,38,0,0
44,P4,C36,97792,221184,25.627,0.1669,33927,33.927,2,test_115.tif,Lymph,Benign,0,0,IDC,None,-1,20,NA,89,0,0
18,P5,C36,97792,221184,17.085,0.1112,23487,23.487,1,test_115.tif,Lymph,Benign,0,0,IDC,None,-1,20,NA,28,0,0
17,P6,C36,97792,221184,2.25,0.0146,16127,16.127,3,test_115.tif,Lymph,Benign,0,0,IDC,None,-1,20,NA,28,0,0
22,P7,C36,97792,221184,2.25,0.0146,48818,48.818,4,test_115.tif,Lymph,Benign,0,0,IDC,None,-1,20,NA,39,0,0
10,P8,C36,97792,221184,5.062,0.033,16448,16.448,4,test_115.tif,Lymph,Benign,0,0,IDC,None,-1,20,NA,31,0,0
45,P9,C36,97792,221184,1.5,0.0098,21666,21.666,2,test_115.tif,Lymph,Benign,0,0,IDC,None,,20,NA,33,0,0
15,P1,C18,97792,221184,5.062,0.033,56423,56.423,2,test_068.tif,Lymph,Malignant,1,0,IDC,Macro,0.59,20,NA,99,36,7
43,P10,C37,87552,71168,2.822,0.0683,62576,62.576,1,test_116.tif,Lymph,Benign,1,-1,Ductulolobular,Micro,0,40,search,156,0,0
19,P11,C37,87552,71168,12.242,0.2963,82630,82.63,3,test_116.tif,Lymph,Benign,1,-1,Ductulolobular,Micro,,40,search,224,0,0
54,P2,C37,87552,71168,0.836,0.0202,71173,71.173,1,test_116.tif,Lymph,Benign,1,-1,Ductulolobular,Micro,0,40,search,161,0,0
36,P3,C37,87552,71168,3.627,0.0878,101639,101.639,3,test_116.tif,Lymph,Atypical,1,-1,Ductulolobular,Micro,0.14,40,decision,212,26,1
56,P4,C37,87552,71168,9.523,0.2305,65537,65.537,2,test_116.tif,Lymph,Benign,1,-1,Ductulolobular,Micro,0,40,search,177,0,0
48,P5,C37,87552,71168,2.822,0.0683,25332,25.332,1,test_116.tif,Lymph,Benign,1,-1,Ductulolobular,Micro,0,40,search,51,0,0
51,P6,C37,87552,71168,4.232,0.1024,20574,20.574,3,test_116.tif,Lymph,Benign,1,-1,Ductulolobular,Micro,0,40,search,46,0,0
45,P7,C37,87552,71168,1.881,0.0455,37768,37.768,4,test_116.tif,Lymph,Benign,1,-1,Ductulolobular,Micro,0,40,search,46,0,0
32,P8,C37,87552,71168,0.836,0.0202,16202,16.202,4,test_116.tif,Lymph,Benign,1,-1,Ductulolobular,Micro,0,40,search,38,0,0
54,P9,C37,87552,71168,0.836,0.0202,28826,28.826,2,test_116.tif,Lymph,Benign,1,-1,Ductulolobular,Micro,,40,search,61,0,0
17,P1,C54,212992,103936,2.25,0.0224,39044,39.044,2,test_069.tif,Lymph,Malignant,1,0,IDC,Micro,0.25,40,NA,83,16,0
2,P10,C38,97792,218112,3.94,0.026,85833,85.833,1,test_118.tif,Lymph,Benign,0,0,Intracystic papillary carcinoma and LCIS,None,-1,20,NA,209,0,0
30,P11,C38,97792,218112,29.919,0.1975,70326,70.326,3,test_118.tif,Lymph,Benign,0,0,Intracystic papillary carcinoma and LCIS,None,,20,NA,187,0,0
34,P2,C38,97792,218112,13.297,0.0878,55600,55.6,1,test_118.tif,Lymph,Benign,0,0,Intracystic papillary carcinoma and LCIS,None,-1,20,NA,129,0,0
17,P3,C38,97792,218112,25.629,0.1692,54674,54.674,3,test_118.tif,Lymph,Benign,0,0,Intracystic papillary carcinoma and LCIS,None,-1,20,NA,103,0,0
55,P4,C38,97792,218112,100.976,0.6667,159184,159.184,2,test_118.tif,Lymph,Atypical,0,0,Intracystic papillary carcinoma and LCIS,None,0,20,NA,441,0,0
58,P5,C38,97792,218112,25.629,0.1692,29721,29.721,1,test_118.tif,Lymph,Benign,0,0,Intracystic papillary carcinoma and LCIS,None,-1,20,NA,63,0,0
2,P6,C38,97792,218112,38.443,0.2538,54469,54.469,3,test_118.tif,Lymph,Benign,0,0,Intracystic papillary carcinoma and LCIS,None,-1,20,NA,121,0,0
28,P7,C38,97792,218112,2.25,0.0149,109654,109.654,4,test_118.tif,Lymph,Benign,0,0,Intracystic papillary carcinoma and LCIS,None,-1,20,NA,71,0,0
1,P8,C38,97792,218112,11.39,0.0752,38989,38.989,4,test_118.tif,Lymph,Benign,0,0,Intracystic papillary carcinoma and LCIS,None,-1,20,NA,68,0,0
6,P9,C38,97792,218112,17.086,0.1128,99060,99.06,2,test_118.tif,Lymph,Benign,0,0,Intracystic papillary carcinoma and LCIS,None,,20,NA,193,0,0
41,P1,C55,155648,96768,11.391,0.1551,18856,18.856,2,test_071.tif,Lymph,Malignant,1,0,IDC,Macro,0.36,40,NA,3,21,3
38,P10,C39,97792,221184,38.44,0.2503,44399,44.399,1,test_121.tif,Lymph,Benign,1,-1,ILC,Macro,0,20,recognition,131,2,0
7,P11,C39,97792,221184,11.39,0.0742,147386,147.386,3,test_121.tif,Lymph,Neoplastic,1,-1,ILC,Macro,,20,decision,304,59,0
12,P2,C39,97792,221184,13.484,0.0878,49557,49.557,1,test_121.tif,Lymph,Malignant,1,0,ILC,Macro,0.38,20,NA,52,35,1
59,P3,C39,97792,221184,17.085,0.1112,39184,39.184,3,test_121.tif,Lymph,Malignant,1,0,ILC,Macro,0.48,20,NA,63,27,1
49,P4,C39,97792,221184,57.66,0.3754,31660,31.66,2,test_121.tif,Lymph,Malignant,1,0,ILC,Macro,0.21,20,NA,39,34,1
4,P5,C39,97792,221184,45.507,0.2963,114813,114.813,1,test_121.tif,Lymph,Benign,1,-1,ILC,Macro,0,20,search,290,0,0
4,P6,C39,97792,221184,17.085,0.1112,46754,46.754,3,test_121.tif,Lymph,Malignant,1,0,ILC,Macro,0.43,20,NA,41,20,3
10,P7,C39,97792,221184,3.375,0.022,82881,82.881,4,test_121.tif,Lymph,Malignant,1,0,ILC,Macro,0.32,20,NA,7,7,0
52,P8,C39,97792,221184,3.375,0.022,22977,22.977,4,test_121.tif,Lymph,Benign,1,-1,ILC,Macro,0,20,recognition,57,1,0
16,P9,C39,97792,221184,13.484,0.0878,55913,55.913,2,test_121.tif,Lymph,Neoplastic,1,-1,ILC,Macro,,20,decision,132,22,0
25,P1,C19,159744,86016,1,0.0133,28044,28.044,2,test_073.tif,Lymph,Malignant,1,0,IDC,Macro,0.26,40,NA,33,17,4
16,P10,C4,96768,221184,2.663,0.0173,81045,81.045,1,test_013.tif,Lymph,Benign,1,-1,IDC,Micro,0,20,search,254,0,0
15,P11,C4,96768,221184,30.336,0.1975,62732,62.732,3,test_013.tif,Lymph,Malignant,1,0,IDC,Micro,,20,NA,137,9,0
51,P2,C4,96768,221184,5.062,0.033,44062,44.062,1,test_013.tif,Lymph,Benign,1,-1,IDC,Micro,0,20,search,91,0,0
7,P3,C4,96768,221184,5.062,0.033,24221,24.221,3,test_013.tif,Lymph,Benign,1,-1,IDC,Micro,0,20,search,57,0,0
19,P4,C4,96768,221184,129.727,0.8447,142896,142.896,2,test_013.tif,Lymph,Malignant,1,0,IDC,Micro,0.31,20,NA,321,52,2
39,P5,C4,96768,221184,17.083,0.1112,24220,24.22,1,test_013.tif,Lymph,Benign,1,-1,IDC,Micro,0,20,search,53,0,0
48,P6,C4,96768,221184,3.375,0.022,24201,24.201,3,test_013.tif,Lymph,Benign,1,-1,IDC,Micro,0,20,search,50,0,0
24,P7,C4,96768,221184,7.593,0.0494,55801,55.801,4,test_013.tif,Lymph,Benign,1,-1,IDC,Micro,0,20,search,37,0,0
46,P8,C4,96768,221184,2.25,0.0146,19544,19.544,4,test_013.tif,Lymph,Benign,1,-1,IDC,Micro,0,20,search,49,0,0
22,P9,C4,96768,221184,1.5,0.0098,50122,50.122,2,test_013.tif,Lymph,Benign,1,-1,IDC,Micro,,20,search,125,0,0
4,P1,C20,97792,211968,25.632,0.1741,54345,54.345,2,test_074.tif,Lymph,Benign,1,-1,IDC,Micro,0,20,search,143,0,0
56,P10,C40,86016,86016,0.68,0.0167,42014,42.014,1,test_122.tif,Lymph,Benign,1,-1,IDC,Micro,0,20,search,109,0,0
46,P11,C40,86016,86016,3.44,0.0848,51712,51.712,3,test_122.tif,Lymph,Malignant,1,0,IDC,Micro,,20,NA,119,9,0
8,P2,C40,86016,86016,7.741,0.1907,70235,70.235,1,test_122.tif,Lymph,Benign,1,-1,IDC,Micro,0,20,search,165,0,0
11,P3,C40,86016,86016,8.018,0.1975,77970,77.97,3,test_122.tif,Lymph,Malignant,1,0,IDC,Micro,0.32,20,NA,92,41,2
60,P4,C40,86016,86016,2.376,0.0585,167385,167.385,2,test_122.tif,Lymph,Malignant,1,0,IDC,Micro,0.24,20,NA,357,96,6
10,P5,C40,86016,86016,2.376,0.0585,134919,134.919,1,test_122.tif,Lymph,Malignant,1,0,IDC,Micro,0.35,20,NA,156,81,2
23,P6,C40,86016,86016,1.529,0.0377,17081,17.081,3,test_122.tif,Lymph,Benign,1,-1,IDC,Micro,0,20,search,36,0,0
14,P7,C40,86016,86016,3.44,0.0848,68203,68.203,4,test_122.tif,Lymph,Benign,1,-1,IDC,Micro,0,20,search,32,0,0
36,P8,C40,86016,86016,0.68,0.0167,11372,11.372,4,test_122.tif,Lymph,Benign,1,-1,IDC,Micro,0,20,search,24,0,0
44,P9,C40,86016,86016,0.68,0.0167,67703,67.703,2,test_122.tif,Lymph,Benign,1,-1,IDC,Micro,,20,decision,126,24,0
5,P1,C21,97792,212992,7.594,0.0513,61210,61.21,2,test_075.tif,Lymph,Malignant,1,0,IDC,Macro,0.57,20,NA,101,43,4
17,P10,C41,97792,221184,1.184,0.0077,114185,114.185,1,test_002.tif,Lymph,Benign,1,-1,ILC,Macro,0,20,decision,282,44,4
10,P11,C41,97792,221184,11.39,0.0742,63573,63.573,3,test_002.tif,Lymph,Malignant,1,0,ILC,Macro,,20,NA,134,18,0
3,P2,C41,97792,221184,30.338,0.1975,138329,138.329,1,test_002.tif,Lymph,Malignant,1,0,ILC,Macro,0.04,20,NA,265,63,2
42,P3,C41,97792,221184,25.627,0.1669,15876,15.876,3,test_002.tif,Lymph,Malignant,1,0,ILC,Macro,0.39,20,NA,9,13,1
5,P4,C41,97792,221184,30.338,0.1975,172193,172.193,2,test_002.tif,Lymph,Malignant,1,0,ILC,Macro,0.45,20,NA,294,166,4
27,P5,C41,97792,221184,25.627,0.1669,38328,38.328,1,test_002.tif,Lymph,Malignant,1,0,ILC,Macro,0.3,20,NA,31,19,2
24,P6,C41,97792,221184,11.39,0.0742,26758,26.758,3,test_002.tif,Lymph,Benign,1,-1,ILC,Macro,0,20,search,59,0,0
19,P7,C41,97792,221184,1.776,0.0116,90971,90.971,4,test_002.tif,Lymph,Malignant,1,0,ILC,Macro,0.36,20,NA,75,15,0
3,P8,C41,97792,221184,25.627,0.1669,32771,32.771,4,test_002.tif,Lymph,Malignant,1,0,ILC,Macro,0.39,20,NA,61,9,0
4,P9,C41,97792,221184,57.66,0.3754,91384,91.384,2,test_002.tif,Lymph,Neoplastic,1,-1,ILC,Macro,,20,decision,228,23,3
49,P1,C22,110592,96768,2.621,0.0502,33298,33.298,2,test_078.tif,Lymph,Benign,0,0,DCIS,None,-1,40,NA,86,0,0
44,P10,C42,98304,103936,1,0.0139,110453,110.453,1,test_004.tif,Lymph,Benign,1,-1,IDC,Micro,0,40,search,274,0,0
6,P11,C42,98304,103936,14.259,0.1975,106959,106.959,3,test_004.tif,Lymph,Malignant,1,0,IDC,Micro,,40,NA,242,3,0
16,P2,C42,98304,103936,1,0.0139,52258,52.258,1,test_004.tif,Lymph,Benign,1,-1,IDC,Micro,0,40,search,90,0,0
48,P3,C42,98304,103936,17.088,0.2367,50771,50.771,3,test_004.tif,Lymph,Benign,1,-1,IDC,Micro,0,40,search,123,0,0
12,P4,C42,98304,103936,14.259,0.1975,227257,227.257,2,test_004.tif,Lymph,Malignant,1,0,IDC,Micro,0.33,40,NA,557,59,4
42,P5,C42,98304,103936,5.063,0.0701,26239,26.239,1,test_004.tif,Lymph,Benign,1,-1,IDC,Micro,0,40,search,70,0,0
59,P6,C42,98304,103936,1.5,0.0208,29706,29.706,3,test_004.tif,Lymph,Benign,1,-1,IDC,Micro,0,40,search,60,0,0
47,P7,C42,98304,103936,1,0.0139,37656,37.656,4,test_004.tif,Lymph,Benign,1,-1,IDC,Micro,0,40,search,36,0,0
6,P8,C42,98304,103936,5.063,0.0701,29505,29.505,4,test_004.tif,Lymph,Benign,1,-1,IDC,Micro,0,40,search,70,0,0
49,P9,C42,98304,103936,6.337,0.0878,49556,49.556,2,test_004.tif,Lymph,Benign,1,-1,IDC,Micro,,40,search,143,0,0
48,P1,C23,102400,86016,20.734,0.4291,87404,87.404,2,test_079.tif,Lymph,Malignant,1,0,Ductulolobular,Micro,0.06,40,NA,144,59,1
53,P10,C43,110592,100352,0.749,0.0143,80399,80.399,1,test_014.tif,Lymph,Benign,0,0,DCIS,None,-1,40,NA,226,0,0
36,P11,C43,110592,100352,3.791,0.0726,78689,78.689,3,test_014.tif,Lymph,Benign,0,0,DCIS,None,,40,NA,229,0,0
28,P2,C43,110592,100352,0.749,0.0143,61813,61.813,1,test_014.tif,Lymph,Benign,0,0,DCIS,None,-1,40,NA,138,0,0
51,P3,C43,110592,100352,0.749,0.0143,39166,39.166,3,test_014.tif,Lymph,Benign,0,0,DCIS,None,-1,40,NA,97,0,0
10,P4,C43,110592,100352,0.749,0.0143,218497,218.497,2,test_014.tif,Lymph,Benign,0,0,DCIS,None,-1,40,NA,608,0,0
45,P5,C43,110592,100352,0.749,0.0143,46840,46.84,1,test_014.tif,Lymph,Benign,0,0,DCIS,None,-1,40,NA,134,0,0
56,P6,C43,110592,100352,0.749,0.0143,19974,19.974,3,test_014.tif,Lymph,Benign,0,0,DCIS,None,-1,40,NA,48,0,0
52,P7,C43,110592,100352,0.749,0.0143,55038,55.038,4,test_014.tif,Lymph,Benign,0,0,DCIS,None,-1,40,NA,40,0,0
22,P8,C43,110592,100352,0.749,0.0143,16640,16.64,4,test_014.tif,Lymph,Benign,0,0,DCIS,None,-1,40,NA,44,0,0
20,P9,C43,110592,100352,3.791,0.0726,53064,53.064,2,test_014.tif,Lymph,Benign,0,0,DCIS,None,,40,NA,134,0,0
13,P1,C24,97792,217088,2.25,0.0149,35739,35.739,2,test_082.tif,Lymph,Malignant,1,0,IDC,Macro,0.16,20,NA,50,16,5
37,P10,C44,97792,221184,38.44,0.2503,69811,69.811,1,test_021.tif,Lymph,Malignant,1,0,IDC,Macro,0.62,20,NA,47,92,10
28,P11,C44,97792,221184,1.5,0.0098,16400,16.4,3,test_021.tif,Lymph,Malignant,1,0,IDC,Macro,,20,NA,6,16,1
57,P2,C44,97792,221184,3.375,0.022,79101,79.101,1,test_021.tif,Lymph,Malignant,1,0,IDC,Macro,0.57,20,NA,31,91,8
4,P3,C44,97792,221184,1.5,0.0098,48354,48.354,3,test_021.tif,Lymph,Malignant,1,0,IDC,Macro,0,20,NA,15,36,5
6,P4,C44,97792,221184,1,0.0065,39427,39.427,2,test_021.tif,Lymph,Malignant,1,0,IDC,Macro,0.52,20,NA,29,41,1
34,P5,C44,97792,221184,1.5,0.0098,22963,22.963,1,test_021.tif,Lymph,Malignant,1,0,IDC,Macro,0.62,20,NA,3,15,0
14,P6,C44,97792,221184,1,0.0065,14569,14.569,3,test_021.tif,Lymph,Malignant,1,0,IDC,Macro,0.56,20,NA,7,8,1
58,P7,C44,97792,221184,1,0.0065,34291,34.291,4,test_021.tif,Lymph,Malignant,1,0,IDC,Macro,0.77,20,NA,6,31,0
8,P8,C44,97792,221184,1.5,0.0098,16549,16.549,4,test_021.tif,Lymph,Malignant,1,0,IDC,Macro,0.43,20,NA,5,25,2
23,P9,C44,97792,221184,1,0.0065,54822,54.822,2,test_021.tif,Lymph,Malignant,1,0,IDC,Macro,,20,NA,66,39,5
55,P1,C25,118784,82432,0.979,0.0175,23478,23.478,2,test_084.tif,Lymph,Benign,1,-1,Tubular,Micro,0,40,search,66,0,0
11,P10,C45,97792,221184,30.338,0.1975,142429,142.429,1,test_024.tif,Lymph,Benign,0,0,IDC,None,-1,20,NA,414,0,0
5,P11,C45,97792,221184,2.663,0.0173,79685,79.685,3,test_024.tif,Lymph,Benign,0,0,IDC,None,,20,NA,202,0,0
10,P2,C45,97792,221184,1.184,0.0077,74646,74.646,1,test_024.tif,Lymph,Benign,0,0,IDC,None,-1,20,NA,167,0,0
33,P3,C45,97792,221184,17.085,0.1112,43658,43.658,3,test_024.tif,Lymph,Benign,0,0,IDC,None,-1,20,NA,106,0,0
43,P4,C45,97792,221184,25.627,0.1669,56112,56.112,2,test_024.tif,Lymph,Benign,0,0,IDC,None,-1,20,NA,145,0,0
6,P5,C45,97792,221184,17.085,0.1112,46387,46.387,1,test_024.tif,Lymph,Benign,0,0,IDC,None,-1,20,NA,77,0,0
3,P6,C45,97792,221184,57.66,0.3754,88387,88.387,3,test_024.tif,Lymph,Benign,0,0,IDC,None,-1,20,NA,187,0,0
60,P7,C45,97792,221184,1.776,0.0116,50116,50.116,4,test_024.tif,Lymph,Benign,0,0,IDC,None,-1,20,NA,38,0,0
38,P8,C45,97792,221184,7.593,0.0494,13534,13.534,4,test_024.tif,Lymph,Benign,0,0,IDC,None,-1,20,NA,26,0,0
37,P9,C45,97792,221184,1,0.0065,45222,45.222,2,test_024.tif,Lymph,Benign,0,0,IDC,None,,20,NA,121,0,0
57,P1,C26,97792,220672,5.063,0.033,22244,22.244,2,test_085.tif,Lymph,Benign,0,0,IDC,None,-1,20,NA,52,0,0
46,P10,C46,98304,103936,5.063,0.0701,30028,30.028,1,test_026.tif,Lymph,Malignant,1,0,Ductulolobular,Macro,0.58,40,NA,32,21,0
14,P11,C46,98304,103936,3.375,0.0468,31142,31.142,3,test_026.tif,Lymph,Malignant,1,0,Ductulolobular,Macro,,40,NA,58,20,0
14,P2,C46,98304,103936,25.632,0.3551,32388,32.388,1,test_026.tif,Lymph,Malignant,1,0,Ductulolobular,Macro,0.64,40,NA,5,31,1
10,P3,C46,98304,103936,2.25,0.0312,27760,27.76,3,test_026.tif,Lymph,Malignant,1,0,Ductulolobular,Macro,0.02,40,NA,13,25,2
53,P4,C46,98304,103936,11.392,0.1578,16519,16.519,2,test_026.tif,Lymph,Malignant,1,0,Ductulolobular,Macro,0.67,40,NA,17,4,2
51,P5,C46,98304,103936,3.375,0.0468,56296,56.296,1,test_026.tif,Lymph,Malignant,1,0,Ductulolobular,Macro,0.53,40,NA,13,122,3
28,P6,C46,98304,103936,1,0.0139,10746,10.746,3,test_026.tif,Lymph,Malignant,1,0,Ductulolobular,Macro,0.64,40,NA,3,8,0
20,P7,C46,98304,103936,1,0.0139,29832,29.832,4,test_026.tif,Lymph,Malignant,1,0,Ductulolobular,Macro,0.62,40,NA,18,11,0
26,P8,C46,98304,103936,1,0.0139,8834,8.834,4,test_026.tif,Lymph,Malignant,1,0,Ductulolobular,Macro,0.44,40,NA,6,3,0
21,P9,C46,98304,103936,1.5,0.0208,43860,43.86,2,test_026.tif,Lymph,Neoplastic,1,-1,Ductulolobular,Macro,,40,decision,21,23,2
34,P1,C56,97792,214528,7.593,0.051,33321,33.321,2,test_090.tif,Lymph,Malignant,1,0,IDC,Macro,0.64,20,NA,21,44,0
14,P10,C47,97792,221184,20.226,0.1317,125100,125.1,1,test_027.tif,Lymph,Benign,1,-1,IDC,Macro,0,20,decision,337,34,2
43,P11,C47,97792,221184,11.39,0.0742,14500,14.5,3,test_027.tif,Lymph,Malignant,1,0,IDC,Macro,,20,NA,15,6,1
5,P2,C47,97792,221184,1.776,0.0116,74527,74.527,1,test_027.tif,Lymph,Malignant,1,0,IDC,Macro,0.63,20,NA,137,49,1
30,P3,C47,97792,221184,2.25,0.0146,26333,26.333,3,test_027.tif,Lymph,Malignant,1,0,IDC,Macro,0.67,20,NA,18,22,1
21,P4,C47,97792,221184,17.085,0.1112,24889,24.889,2,test_027.tif,Lymph,Malignant,1,0,IDC,Macro,0.41,20,NA,29,19,1
54,P5,C47,97792,221184,5.062,0.033,31971,31.971,1,test_027.tif,Lymph,Malignant,1,0,IDC,Macro,0.75,20,NA,32,23,0
40,P6,C47,97792,221184,17.085,0.1112,12777,12.777,3,test_027.tif,Lymph,Malignant,1,0,IDC,Macro,0.5,20,NA,10,5,3
11,P7,C47,97792,221184,3.375,0.022,38167,38.167,4,test_027.tif,Lymph,Malignant,1,0,IDC,Macro,0.68,20,NA,1,0,0
28,P8,C47,97792,221184,17.085,0.1112,16130,16.13,4,test_027.tif,Lymph,Malignant,1,0,IDC,Macro,0.51,20,NA,13,19,0
58,P9,C47,97792,221184,17.085,0.1112,17981,17.981,2,test_027.tif,Lymph,Malignant,1,0,IDC,Macro,,20,NA,18,7,1
44,P1,C57,97792,221184,11.39,0.0742,25493,25.493,2,test_091.tif,Lymph,Benign,0,0,IDC,None,-1,20,NA,60,0,0
57,P10,C48,97792,221184,11.39,0.0742,44320,44.32,1,test_029.tif,Lymph,Benign,1,-1,IDC,Micro,0,20,search,120,0,0
11,P11,C48,97792,221184,20.226,0.1317,78232,78.232,3,test_029.tif,Lymph,Malignant,1,0,IDC,Micro,,20,NA,154,8,1
39,P2,C48,97792,221184,38.44,0.2503,55196,55.196,1,test_029.tif,Lymph,Benign,1,-1,IDC,Micro,0,20,decision,105,33,0
39,P3,C48,97792,221184,20.226,0.1317,113673,113.673,3,test_029.tif,Lymph,Atypical,1,-1,IDC,Micro,0.21,20,decision,158,90,9
13,P4,C48,97792,221184,57.66,0.3754,90115,90.115,2,test_029.tif,Lymph,Malignant,1,0,IDC,Micro,0.38,20,NA,234,7,0
60,P5,C48,97792,221184,25.627,0.1669,28242,28.242,1,test_029.tif,Lymph,Benign,1,-1,IDC,Micro,0,20,search,76,0,0
45,P6,C48,97792,221184,17.085,0.1112,29439,29.439,3,test_029.tif,Lymph,Malignant,1,0,IDC,Micro,0.46,20,NA,45,13,4
27,P7,C48,97792,221184,1,0.0065,103956,103.956,4,test_029.tif,Lymph,Malignant,1,0,IDC,Micro,0.27,20,NA,51,4,0
18,P8,C48,97792,221184,2.25,0.0146,10360,10.36,4,test_029.tif,Lymph,Benign,1,-1,IDC,Micro,0,20,search,21,0,0
34,P9,C48,97792,221184,17.085,0.1112,32627,32.627,2,test_029.tif,Lymph,Benign,1,-1,IDC,Micro,,20,search,73,0,0
54,P1,C27,126976,103936,1.868,0.0312,47092,47.092,2,test_092.tif,Lymph,Malignant,1,0,IDC,Micro,0.75,40,NA,87,18,0
3,P10,C49,97792,221184,5.993,0.039,127104,127.104,1,test_030.tif,Lymph,Malignant,1,0,IDC with colloid carcinoma,Macro,0.28,20,NA,257,68,3
54,P11,C49,97792,221184,57.66,0.3754,59202,59.202,3,test_030.tif,Lymph,Malignant,1,0,IDC with colloid carcinoma,Macro,,20,NA,154,8,1
1,P2,C49,97792,221184,3.995,0.026,158699,158.699,1,test_030.tif,Lymph,Benign,1,-1,IDC with colloid carcinoma,Macro,0,20,decision,356,7,0
53,P3,C49,97792,221184,17.085,0.1112,49025,49.025,3,test_030.tif,Lymph,Benign,1,-1,IDC with colloid carcinoma,Macro,0,20,decision,125,4,0
36,P4,C49,97792,221184,11.39,0.0742,48103,48.103,2,test_030.tif,Lymph,Benign,1,-1,IDC with colloid carcinoma,Macro,0,20,recognition,119,2,0
16,P5,C49,97792,221184,3.375,0.022,36314,36.314,1,test_030.tif,Lymph,Benign,1,-1,IDC with colloid carcinoma,Macro,0,20,recognition,71,1,0
42,P6,C49,97792,221184,11.39,0.0742,15871,15.871,3,test_030.tif,Lymph,Benign,1,-1,IDC with colloid carcinoma,Macro,0,20,search,32,0,0
4,P7,C49,97792,221184,38.44,0.2503,59966,59.966,4,test_030.tif,Lymph,Malignant,1,0,IDC with colloid carcinoma,Macro,0.31,20,NA,7,0,0
14,P8,C49,97792,221184,7.593,0.0494,20358,20.358,4,test_030.tif,Lymph,Benign,1,-1,IDC with colloid carcinoma,Macro,0,20,recognition,44,1,0
24,P9,C49,97792,221184,1.5,0.0098,44742,44.742,2,test_030.tif,Lymph,Benign,1,-1,IDC with colloid carcinoma,Macro,,20,recognition,119,1,0
3,P1,C58,94208,82432,5.855,0.1317,65717,65.717,2,test_094.tif,Lymph,Malignant,1,0,IDC,Macro,0.19,40,NA,50,105,3
26,P10,C5,110592,93184,2.036,0.039,70225,70.225,1,test_016.tif,Lymph,Malignant,1,0,IDC,Macro,0.73,40,NA,79,100,7
32,P11,C5,110592,93184,4.083,0.0782,20640,20.64,3,test_016.tif,Lymph,Malignant,1,0,IDC,Macro,,40,NA,16,11,3
13,P2,C5,110592,93184,10.309,0.1975,91381,91.381,1,test_016.tif,Lymph,Malignant,1,0,IDC,Macro,0.28,40,NA,27,83,1
49,P3,C5,110592,93184,6.124,0.1173,19104,19.104,3,test_016.tif,Lymph,Malignant,1,0,IDC,Macro,0.43,40,NA,12,16,0
38,P4,C5,110592,93184,2.722,0.0522,15008,15.008,2,test_016.tif,Lymph,Malignant,1,0,IDC,Macro,0.49,40,NA,11,9,0
47,P5,C5,110592,93184,1.21,0.0232,22945,22.945,1,test_016.tif,Lymph,Malignant,1,0,IDC,Macro,0.65,40,NA,15,16,0
8,P6,C5,110592,93184,0.807,0.0155,24098,24.098,3,test_016.tif,Lymph,Malignant,1,0,IDC,Macro,0.58,40,NA,14,6,1
53,P7,C5,110592,93184,1.21,0.0232,37277,37.277,4,test_016.tif,Lymph,Malignant,1,,IDC,Macro,0.73,40,NA,41,9,0
13,P8,C5,110592,93184,0.807,0.0155,10935,10.935,4,test_016.tif,Lymph,Malignant,1,0,IDC,Macro,0.16,40,NA,8,10,0
35,P9,C5,110592,93184,0.807,0.0155,31284,31.284,2,test_016.tif,Lymph,Malignant,1,0,IDC,Macro,,40,NA,32,28,1
42,P1,C28,110592,57344,1,0.0192,17415,17.415,2,test_095.tif,Lymph,Benign,0,0,IDC,None,-1,40,NA,41,0,0
58,P10,C50,188416,103936,1,0.0112,79752,79.752,1,test_033.tif,Lymph,Benign,1,-1,IDC,Micro,0,40,search,219,0,0
1,P11,C50,188416,103936,7.594,0.0854,129757,129.757,3,test_033.tif,Lymph,Malignant,1,0,IDC,Micro,,40,NA,349,14,0
31,P2,C50,188416,103936,1,0.0112,45891,45.891,1,test_033.tif,Lymph,Benign,1,-1,IDC,Micro,0,40,search,100,0,0
15,P3,C50,188416,103936,5.063,0.0569,89896,89.896,3,test_033.tif,Lymph,Malignant,1,0,IDC,Micro,0.32,40,NA,194,14,0
57,P4,C50,188416,103936,7.594,0.0854,195261,195.261,2,test_033.tif,Lymph,Benign,1,-1,IDC,Micro,0,40,search,554,0,0
22,P5,C50,188416,103936,1.5,0.0169,68749,68.749,1,test_033.tif,Lymph,Benign,1,-1,IDC,Micro,0,40,search,138,0,0
47,P6,C50,188416,103936,1.5,0.0169,26547,26.547,3,test_033.tif,Lymph,Benign,1,-1,IDC,Micro,0,40,search,71,0,0
30,P7,C50,188416,103936,1,0.0112,55371,55.371,4,test_033.tif,Lymph,Benign,1,-1,IDC,Micro,0,40,search,55,0,0
44,P8,C50,188416,103936,2.25,0.0253,15386,15.386,4,test_033.tif,Lymph,Benign,1,-1,IDC,Micro,0,40,search,42,0,0
26,P9,C50,188416,103936,1,0.0112,59773,59.773,2,test_033.tif,Lymph,Benign,1,-1,IDC,Micro,,40,search,148,0,0
7,P1,C29,97280,189952,17.084,0.1295,45186,45.186,2,test_097.tif,Lymph,Benign,1,-1,IDC,Micro,0,20,search,127,0,0
25,P10,C51,97792,221696,45.617,0.2963,80943,80.943,1,test_040.tif,Lymph,Malignant,1,0,IDC,Macro,0.59,20,NA,77,117,7
38,P11,C51,97792,221696,3.375,0.0219,15697,15.697,3,test_040.tif,Lymph,Malignant,1,0,IDC,Macro,,20,NA,14,10,3
11,P2,C51,97792,221696,6.007,0.039,41260,41.26,1,test_040.tif,Lymph,Malignant,1,0,IDC,Macro,0.26,20,NA,10,39,3
44,P3,C51,97792,221696,17.086,0.111,12560,12.56,3,test_040.tif,Lymph,Malignant,1,0,IDC,Macro,0.24,20,NA,0,13,1
45,P4,C51,97792,221696,25.629,0.1665,18342,18.342,2,test_040.tif,Lymph,Malignant,1,0,IDC,Macro,0.42,20,NA,14,11,3
9,P5,C51,97792,221696,11.391,0.074,53913,53.913,1,test_040.tif,Lymph,Malignant,1,0,IDC,Macro,0.57,20,NA,15,37,1
35,P6,C51,97792,221696,2.25,0.0146,15649,15.649,3,test_040.tif,Lymph,Malignant,1,0,IDC,Macro,0.47,20,NA,11,10,1
50,P7,C51,97792,221696,3.375,0.0219,41381,41.381,4,test_040.tif,Lymph,Malignant,1,0,IDC,Macro,0.59,20,NA,43,6,0
56,P8,C51,97792,221696,5.063,0.0329,13595,13.595,4,test_040.tif,Lymph,Malignant,1,0,IDC,Macro,0.39,20,NA,7,22,0
52,P9,C51,97792,221696,1,0.0065,26254,26.254,2,test_040.tif,Lymph,Malignant,1,0,IDC,Macro,,20,NA,15,18,4
9,P1,C30,98304,86016,0.777,0.0167,33060,33.06,2,test_099.tif,Lymph,Benign,1,-1,Ductulolobular,Micro,0,40,recognition,81,1,0
34,P10,C52,97792,221184,7.593,0.0494,47035,47.035,1,test_043.tif,Lymph,Benign,0,0,IDC,None,-1,20,NA,144,0,0
44,P11,C52,97792,221184,17.085,0.1112,68845,68.845,3,test_043.tif,Lymph,Benign,0,0,IDC,None,,20,NA,183,0,0
37,P2,C52,97792,221184,3.995,0.026,47713,47.713,1,test_043.tif,Lymph,Benign,0,0,IDC,None,-1,20,NA,99,0,0
14,P3,C52,97792,221184,5.062,0.033,48695,48.695,3,test_043.tif,Lymph,Benign,0,0,IDC,None,-1,20,NA,117,0,0
31,P4,C52,97792,221184,129.736,0.8447,164884,164.884,2,test_043.tif,Lymph,Atypical,0,0,IDC,None,0,20,NA,426,0,0
19,P5,C52,97792,221184,17.085,0.1112,30120,30.12,1,test_043.tif,Lymph,Benign,0,0,IDC,None,-1,20,NA,80,0,0
55,P6,C52,97792,221184,7.593,0.0494,16396,16.396,3,test_043.tif,Lymph,Benign,0,0,IDC,None,-1,20,NA,34,0,0
48,P7,C52,97792,221184,11.39,0.0742,44187,44.187,4,test_043.tif,Lymph,Benign,0,0,IDC,None,-1,20,NA,44,0,0
35,P8,C52,97792,221184,3.375,0.022,14031,14.031,4,test_043.tif,Lymph,Benign,0,0,IDC,None,-1,20,NA,35,0,0
13,P9,C52,97792,221184,7.593,0.0494,65921,65.921,2,test_043.tif,Lymph,Benign,0,0,IDC,None,,20,NA,191,0,0
43,P1,C31,192512,111104,3.375,0.0371,22222,22.222,2,test_102.tif,Lymph,Benign,1,-1,Ductulolobular,Micro,0,40,decision,40,11,0
31,P10,C53,94208,100352,1.208,0.0173,89879,89.879,1,test_058.tif,Lymph,Benign,0,0,Tubulo-lobular,None,-1,40,NA,286,0,0
60,P11,C53,94208,100352,3.374,0.0484,110831,110.831,3,test_058.tif,Lymph,Benign,0,0,Tubulo-lobular,None,,40,NA,294,0,0
56,P2,C53,94208,100352,1.5,0.0215,36185,36.185,1,test_058.tif,Lymph,Benign,0,0,Tubulo-lobular,None,-1,40,NA,78,0,0
3,P3,C53,94208,100352,1.5,0.0215,89582,89.582,3,test_058.tif,Lymph,Benign,0,0,Tubulo-lobular,None,-1,40,NA,234,0,0
20,P4,C53,94208,100352,7.591,0.109,105481,105.481,2,test_058.tif,Lymph,Benign,0,0,Tubulo-lobular,None,-1,40,NA,302,0,0
55,P5,C53,94208,100352,1.5,0.0215,23896,23.896,1,test_058.tif,Lymph,Benign,0,0,Tubulo-lobular,None,-1,40,NA,68,0,0
7,P6,C53,94208,100352,5.061,0.0726,44834,44.834,3,test_058.tif,Lymph,Benign,0,0,Tubulo-lobular,None,-1,40,NA,101,0,0
41,P7,C53,94208,100352,2.249,0.0323,57436,57.436,4,test_058.tif,Lymph,Benign,0,0,Tubulo-lobular,None,-1,40,NA,49,0,0
31,P8,C53,94208,100352,1,0.0143,16099,16.099,4,test_058.tif,Lymph,Benign,0,0,Tubulo-lobular,None,-1,40,NA,43,0,0
19,P9,C53,94208,100352,1,0.0143,43308,43.308,2,test_058.tif,Lymph,Benign,0,0,Tubulo-lobular,None,,40,NA,117,0,0
56,P1,C32,96768,210432,17.086,0.1169,44650,44.65,2,test_104.tif,Lymph,Malignant,1,0,IDC,Macro,0.55,20,NA,68,34,1
10,P10,C54,212992,103936,1,0.0099,82897,82.897,1,test_069.tif,Lymph,Malignant,1,0,IDC,Micro,0.43,40,NA,192,30,2
41,P11,C54,212992,103936,7.594,0.0755,35924,35.924,3,test_069.tif,Lymph,Malignant,1,0,IDC,Micro,,40,NA,67,8,0
18,P2,C54,212992,103936,2.25,0.0224,53538,53.538,1,test_069.tif,Lymph,Malignant,1,0,IDC,Micro,0.39,40,NA,80,19,1
25,P3,C54,212992,103936,25.629,0.255,60853,60.853,3,test_069.tif,Lymph,Malignant,1,0,IDC,Micro,0.11,40,NA,134,15,1
52,P4,C54,212992,103936,11.391,0.1133,24819,24.819,2,test_069.tif,Lymph,Malignant,1,0,IDC,Micro,0.19,40,NA,48,7,0
43,P5,C54,212992,103936,2.25,0.0224,109376,109.376,1,test_069.tif,Lymph,Atypical,1,-1,IDC,Micro,0.26,40,decision,157,100,1
10,P6,C54,212992,103936,5.063,0.0504,30172,30.172,3,test_069.tif,Lymph,Malignant,1,0,IDC,Micro,0.22,40,NA,35,13,1
37,P7,C54,212992,103936,1,0.0099,97763,97.763,4,test_069.tif,Lymph,Malignant,1,0,IDC,Micro,0.34,40,NA,151,22,0
50,P8,C54,212992,103936,25.629,0.255,13732,13.732,4,test_069.tif,Lymph,Malignant,1,0,IDC,Micro,0.23,40,NA,21,13,0
41,P9,C54,212992,103936,3.375,0.0336,34773,34.773,2,test_069.tif,Lymph,Neoplastic,1,-1,IDC,Micro,,40,decision,70,16,1
18,P1,C33,126976,93184,3.125,0.0522,25300,25.3,2,test_105.tif,Lymph,Malignant,1,0,IDC,Macro,0.83,40,NA,11,49,0
29,P10,C55,155648,96768,7.594,0.1034,49205,49.205,1,test_071.tif,Lymph,Malignant,1,0,IDC,Macro,0.79,40,NA,62,34,2
31,P11,C55,155648,96768,1,0.0136,14092,14.092,3,test_071.tif,Lymph,Neoplastic,1,-1,IDC,Macro,,40,decision,12,8,2
7,P2,C55,155648,96768,1,0.0136,69602,69.602,1,test_071.tif,Lymph,Malignant,1,0,IDC,Macro,0.24,40,NA,35,63,4
8,P3,C55,155648,96768,1,0.0136,31358,31.358,3,test_071.tif,Lymph,Malignant,1,0,IDC,Macro,0.03,40,NA,14,33,1
30,P4,C55,155648,96768,7.594,0.1034,17738,17.738,2,test_071.tif,Lymph,Malignant,1,0,IDC,Macro,0.34,40,NA,17,16,1
13,P5,C55,155648,96768,1,0.0136,32121,32.121,1,test_071.tif,Lymph,Malignant,1,0,IDC,Macro,0.41,40,NA,16,17,0
54,P6,C55,155648,96768,1,0.0136,8626,8.626,3,test_071.tif,Lymph,Malignant,1,0,IDC,Macro,0.33,40,NA,6,7,1
3,P7,C55,155648,96768,1,0.0136,33797,33.797,4,test_071.tif,Lymph,Malignant,1,0,IDC,Macro,0.39,40,NA,19,19,0
42,P8,C55,155648,96768,5.063,0.0689,8955,8.955,4,test_071.tif,Lymph,Malignant,1,0,IDC,Macro,0.37,40,NA,5,9,1
12,P9,C55,155648,96768,1,0.0136,28803,28.803,2,test_071.tif,Lymph,Neoplastic,1,-1,IDC,Macro,,40,decision,19,14,0
27,P1,C34,97792,221184,7.593,0.0494,26934,26.934,2,test_108.tif,Lymph,Malignant,1,0,IDC,Micro,0.77,20,NA,21,29,1
23,P10,C56,97792,214528,1,0.0067,123535,123.535,1,test_090.tif,Lymph,Benign,1,-1,IDC,Macro,0,20,decision,183,156,13
49,P11,C56,97792,214528,2.25,0.0151,19389,19.389,3,test_090.tif,Lymph,Malignant,1,0,IDC,Macro,,20,NA,6,19,2
30,P2,C56,97792,214528,1,0.0067,26112,26.112,1,test_090.tif,Lymph,Malignant,1,0,IDC,Macro,0.33,20,NA,16,22,3
38,P3,C56,97792,214528,25.628,0.172,20737,20.737,3,test_090.tif,Lymph,Malignant,1,0,IDC,Macro,0.02,20,NA,1,18,1
37,P4,C56,97792,214528,17.085,0.1147,18268,18.268,2,test_090.tif,Lymph,Malignant,1,0,IDC,Macro,0.41,20,NA,6,19,2
46,P5,C56,97792,214528,7.593,0.051,21847,21.847,1,test_090.tif,Lymph,Malignant,1,0,IDC,Macro,0.42,20,NA,6,28,1
26,P6,C56,97792,214528,1.5,0.0101,31390,31.39,3,test_090.tif,Lymph,Malignant,1,0,IDC,Macro,0.62,20,NA,12,11,5
36,P7,C56,97792,214528,1,0.0067,46872,46.872,4,test_090.tif,Lymph,Malignant,1,0,IDC,Macro,0.44,20,NA,9,49,0
37,P8,C56,97792,214528,5.062,0.034,9936,9.936,4,test_090.tif,Lymph,Malignant,1,0,IDC,Macro,0.32,20,NA,6,11,1
28,P9,C56,97792,214528,1,0.0067,37530,37.53,2,test_090.tif,Lymph,Malignant,1,0,IDC,Macro,,20,NA,28,41,2
11,P1,C59,102400,89600,5.898,0.122,40720,40.72,2,test_110.tif,Lymph,Benign,1,-1,ILC,Micro,0,20,search,114,0,0
36,P10,C57,97792,221184,1,0.0065,48291,48.291,1,test_091.tif,Lymph,Benign,0,0,IDC,None,-1,20,NA,137,0,0
40,P11,C57,97792,221184,25.627,0.1669,80970,80.97,3,test_091.tif,Lymph,Benign,0,0,IDC,None,,20,NA,216,0,0
26,P2,C57,97792,221184,1,0.0065,92732,92.732,1,test_091.tif,Lymph,Benign,0,0,IDC,None,-1,20,NA,217,0,0
57,P3,C57,97792,221184,25.627,0.1669,37830,37.83,3,test_091.tif,Lymph,Benign,0,0,IDC,None,-1,20,NA,96,0,0
25,P4,C57,97792,221184,25.627,0.1669,88143,88.143,2,test_091.tif,Lymph,Benign,0,0,IDC,None,-1,20,NA,221,0,0
15,P5,C57,97792,221184,3.375,0.022,36159,36.159,1,test_091.tif,Lymph,Benign,0,0,IDC,None,-1,20,NA,80,0,0
11,P6,C57,97792,221184,17.085,0.1112,46704,46.704,3,test_091.tif,Lymph,Benign,0,0,IDC,None,-1,20,NA,114,0,0
21,P7,C57,97792,221184,1,0.0065,54486,54.486,4,test_091.tif,Lymph,Benign,0,0,IDC,None,-1,20,NA,61,0,0
21,P8,C57,97792,221184,7.593,0.0494,14996,14.996,4,test_091.tif,Lymph,Benign,0,0,IDC,None,-1,20,NA,35,0,0
42,P9,C57,97792,221184,1,0.0065,58115,58.115,2,test_091.tif,Lymph,Benign,0,0,IDC,None,,20,NA,163,0,0
31,P1,C35,131072,107520,1.864,0.0301,22650,22.65,2,test_113.tif,Lymph,Malignant,1,0,ILC,Macro,0.36,40,NA,13,31,1
35,P10,C58,94208,82432,3.903,0.0878,114178,114.178,1,test_094.tif,Lymph,Benign,1,-1,IDC,Macro,0,40,decision,229,89,6
29,P11,C58,94208,82432,0.777,0.0175,21853,21.853,3,test_094.tif,Lymph,Malignant,1,0,IDC,Macro,,40,NA,13,21,2
43,P2,C58,94208,82432,29.857,0.6716,31084,31.084,1,test_094.tif,Lymph,Malignant,1,0,IDC,Macro,0.54,40,NA,8,28,3
54,P3,C58,94208,82432,3.932,0.0884,22085,22.085,3,test_094.tif,Lymph,Malignant,1,0,IDC,Macro,0.43,40,NA,4,25,4
48,P4,C58,94208,82432,29.857,0.6716,21372,21.372,2,test_094.tif,Lymph,Malignant,1,0,IDC,Macro,0.54,40,NA,11,33,2
17,P5,C58,94208,82432,1.747,0.0393,19906,19.906,1,test_094.tif,Lymph,Malignant,1,0,IDC,Macro,0.53,40,NA,10,15,0
32,P6,C58,94208,82432,0.777,0.0175,17327,17.327,3,test_094.tif,Lymph,Malignant,1,0,IDC,Macro,0.38,40,NA,16,6,2
46,P7,C58,94208,82432,1.747,0.0393,29576,29.576,4,test_094.tif,Lymph,Malignant,1,0,IDC,Macro,0.73,40,NA,29,23,0
29,P8,C58,94208,82432,2.621,0.059,14144,14.144,4,test_094.tif,Lymph,Malignant,1,0,IDC,Macro,0.36,40,NA,9,21,2
43,P9,C58,94208,82432,0.777,0.0175,17380,17.38,2,test_094.tif,Lymph,Malignant,1,0,IDC,Macro,,40,NA,9,11,3
35,P1,C36,97792,221184,7.593,0.0494,13941,13.941,2,test_115.tif,Lymph,Benign,0,0,IDC,None,-1,20,NA,18,0,0
60,P10,C59,102400,89600,0.777,0.0161,86114,86.114,1,test_110.tif,Lymph,Benign,1,-1,ILC,Micro,0,20,search,239,0,0
22,P11,C59,102400,89600,13.27,0.2746,90350,90.35,3,test_110.tif,Lymph,Benign,1,-1,ILC,Micro,,20,search,158,0,0
42,P2,C59,102400,89600,2.621,0.0542,62740,62.74,1,test_110.tif,Lymph,Benign,1,-1,ILC,Micro,0,20,recognition,157,1,0
45,P3,C59,102400,89600,44.785,0.9268,87202,87.202,3,test_110.tif,Lymph,Atypical,1,-1,ILC,Micro,0.19,20,decision,192,24,1
17,P4,C59,102400,89600,5.898,0.122,91479,91.479,2,test_110.tif,Lymph,Benign,1,-1,ILC,Micro,0,20,search,224,0,0
36,P5,C59,102400,89600,1.165,0.0241,47188,47.188,1,test_110.tif,Lymph,Benign,1,-1,ILC,Micro,0,20,search,139,0,0
38,P6,C59,102400,89600,1.165,0.0241,18479,18.479,3,test_110.tif,Lymph,Benign,1,-1,ILC,Micro,0,20,search,44,0,0
8,P7,C59,102400,89600,0.777,0.0161,74428,74.428,4,test_110.tif,Lymph,Benign,1,-1,ILC,Micro,0,20,search,50,0,0
33,P8,C59,102400,89600,3.932,0.0814,17762,17.762,4,test_110.tif,Lymph,Benign,1,-1,ILC,Micro,0,20,search,40,0,0
53,P9,C59,102400,89600,0.777,0.0161,65107,65.107,2,test_110.tif,Lymph,Benign,1,-1,ILC,Micro,,20,search,156,0,0
46,P1,C37,87552,71168,1.254,0.0304,25567,25.567,2,test_116.tif,Lymph,Benign,1,-1,Ductulolobular,Micro,0,40,search,67,0,0
42,P10,C6,97792,221696,7.594,0.0493,71927,71.927,1,test_036.tif,Lymph,Benign,0,0,DCIS,None,-1,20,NA,203,0,0
9,P11,C6,97792,221696,2.25,0.0146,72213,72.213,3,test_036.tif,Lymph,Benign,0,0,DCIS,None,,20,NA,156,0,0
6,P2,C6,97792,221696,9.011,0.0585,106054,106.054,1,test_036.tif,Lymph,Benign,0,0,DCIS,None,-1,20,NA,246,0,0
27,P3,C6,97792,221696,38.444,0.2497,51112,51.112,3,test_036.tif,Lymph,Benign,0,0,DCIS,None,-1,20,NA,135,0,0
33,P4,C6,97792,221696,11.391,0.074,55310,55.31,2,test_036.tif,Lymph,Benign,0,0,DCIS,None,-1,20,NA,153,0,0
52,P5,C6,97792,221696,7.594,0.0493,25383,25.383,1,test_036.tif,Lymph,Benign,0,0,DCIS,None,-1,20,NA,44,0,0
19,P6,C6,97792,221696,11.391,0.074,27645,27.645,3,test_036.tif,Lymph,Benign,0,0,DCIS,None,-1,20,NA,63,0,0
18,P7,C6,97792,221696,1.5,0.0097,57172,57.172,4,test_036.tif,Lymph,Benign,0,0,DCIS,None,-1,20,NA,9,0,0
40,P8,C6,97792,221696,5.063,0.0329,13671,13.671,4,test_036.tif,Lymph,Benign,0,0,DCIS,None,-1,20,NA,31,0,0
55,P9,C6,97792,221696,1,0.0065,30340,30.34,2,test_036.tif,Lymph,Benign,0,0,DCIS,None,,20,NA,74,0,0
37,P1,C60,97280,212992,3.375,0.0228,25602,25.602,2,test_117.tif,Lymph,Benign,1,-1,IDC,Micro,0,20,decision,56,3,0
27,P10,C60,97280,212992,19.479,0.1317,101284,101.284,1,test_117.tif,Lymph,Malignant,1,0,IDC,Micro,0.72,20,NA,257,30,2
53,P11,C60,97280,212992,3.375,0.0228,47151,47.151,3,test_117.tif,Lymph,Malignant,1,0,IDC,Micro,,20,NA,111,10,0
47,P2,C60,97280,212992,7.594,0.0513,50191,50.191,1,test_117.tif,Lymph,Benign,1,-1,IDC,Micro,0,20,search,106,0,0
34,P3,C60,97280,212992,11.391,0.077,27412,27.412,3,test_117.tif,Lymph,Benign,1,-1,IDC,Micro,0,20,search,62,0,0
15,P4,C60,97280,212992,25.63,0.1733,61902,61.902,2,test_117.tif,Lymph,Malignant,1,0,IDC,Micro,0.73,20,NA,145,1,0
38,P5,C60,97280,212992,7.594,0.0513,107215,107.215,1,test_117.tif,Lymph,Benign,1,-1,IDC,Micro,0,20,decision,209,106,3
36,P6,C60,97280,212992,1.5,0.0101,13189,13.189,3,test_117.tif,Lymph,Benign,1,-1,IDC,Micro,0,20,search,22,0,0
29,P7,C60,97280,212992,2.25,0.0152,60378,60.378,4,test_117.tif,Lymph,Benign,1,-1,IDC,Micro,0,20,search,75,0,0
23,P8,C60,97280,212992,3.375,0.0228,15653,15.653,4,test_117.tif,Lymph,Benign,1,-1,IDC,Micro,0,20,search,29,0,0
50,P9,C60,97280,212992,2.25,0.0152,38289,38.289,2,test_117.tif,Lymph,Benign,1,-1,IDC,Micro,,20,search,88,0,0
52,P1,C38,97792,218112,2.25,0.0149,18620,18.62,2,test_118.tif,Lymph,Benign,0,0,Intracystic papillary carcinoma and LCIS,None,-1,20,NA,43,0,0
50,P10,C7,97792,218624,25.631,0.1688,62568,62.568,1,test_038.tif,Lymph,Benign,1,-1,IDC,Micro,0,20,recognition,169,2,0
25,P11,C7,97792,218624,37.94,0.2499,67237,67.237,3,test_038.tif,Lymph,Malignant,1,0,IDC,Micro,,20,NA,147,18,2
2,P2,C7,97792,218624,151.834,1,171192,171.192,1,test_038.tif,Lymph,Malignant,1,0,IDC,Micro,0.22,20,NA,414,41,0
26,P3,C7,97792,218624,11.391,0.075,30200,30.2,3,test_038.tif,Lymph,Benign,1,-1,IDC,Micro,0,20,search,70,0,0
23,P4,C7,97792,218624,3.375,0.0222,126019,126.019,2,test_038.tif,Lymph,Benign,1,-1,IDC,Micro,0,20,decision,329,8,0
56,P5,C7,97792,218624,29.992,0.1975,123455,123.455,1,test_038.tif,Lymph,Atypical,1,-1,IDC,Micro,0.15,20,decision,251,49,0
46,P6,C7,97792,218624,2.25,0.0148,30123,30.123,3,test_038.tif,Lymph,Benign,1,-1,IDC,Micro,0,20,search,63,0,0
38,P7,C7,97792,218624,2.25,0.0148,49475,49.475,4,test_038.tif,Lymph,Benign,1,-1,IDC,Micro,0,20,search,61,0,0
53,P8,C7,97792,218624,1.5,0.0099,22882,22.882,4,test_038.tif,Lymph,Benign,1,-1,IDC,Micro,0,20,search,65,0,0
9,P9,C7,97792,218624,1.755,0.0116,106896,106.896,2,test_038.tif,Lymph,Benign,1,-1,IDC,Micro,,20,recognition,322,2,0
36,P1,C39,97792,221184,86.49,0.5631,55986,55.986,2,test_121.tif,Lymph,Malignant,1,0,ILC,Macro,0.49,20,NA,92,38,3
19,P10,C8,97792,221184,1,0.0065,40014,40.014,1,test_045.tif,Lymph,Benign,0,0,IDC,None,-1,20,NA,109,0,0
20,P11,C8,97792,221184,20.226,0.1317,49418,49.418,3,test_045.tif,Lymph,Benign,0,0,IDC,None,,20,NA,96,0,0
33,P2,C8,97792,221184,3.375,0.022,38350,38.35,1,test_045.tif,Lymph,Benign,0,0,IDC,None,-1,20,NA,74,0,0
52,P3,C8,97792,221184,17.085,0.1112,20254,20.254,3,test_045.tif,Lymph,Benign,0,0,IDC,None,-1,20,NA,36,0,0
1,P4,C8,97792,221184,86.49,0.5631,104177,104.177,2,test_045.tif,Lymph,Benign,0,0,IDC,None,-1,20,NA,260,0,0
35,P5,C8,97792,221184,11.39,0.0742,26760,26.76,1,test_045.tif,Lymph,Benign,0,0,IDC,None,-1,20,NA,52,0,0
50,P6,C8,97792,221184,11.39,0.0742,15881,15.881,3,test_045.tif,Lymph,Benign,0,0,IDC,None,-1,20,NA,28,0,0
9,P7,C8,97792,221184,5.062,0.033,28946,28.946,4,test_045.tif,Lymph,Benign,0,0,IDC,None,-1,20,NA,2,0,0
58,P8,C8,97792,221184,2.25,0.0146,13199,13.199,4,test_045.tif,Lymph,Benign,0,0,IDC,None,-1,20,NA,33,0,0
57,P9,C8,97792,221184,3.375,0.022,24136,24.136,2,test_045.tif,Lymph,Benign,0,0,IDC,None,,20,NA,42,0,0
21,P1,C40,86016,86016,2.294,0.0565,29448,29.448,2,test_122.tif,Lymph,Benign,1,-1,IDC,Micro,0,20,recognition,77,1,0
7,P10,C9,98304,82432,30.928,0.6667,144390,144.39,1,test_048.tif,Lymph,Malignant,1,0,Ductulolobular,Micro,0.23,40,NA,306,77,9
55,P11,C9,98304,82432,2.715,0.0585,65291,65.291,3,test_048.tif,Lymph,Malignant,1,0,Ductulolobular,Micro,,40,NA,142,27,2
24,P2,C9,98304,82432,0.81,0.0175,55583,55.583,1,test_048.tif,Lymph,Benign,1,-1,Ductulolobular,Micro,0,40,search,109,0,0
56,P3,C9,98304,82432,1.823,0.0393,36932,36.932,3,test_048.tif,Lymph,Malignant,1,0,Ductulolobular,Micro,0.27,40,NA,61,12,0
40,P4,C9,98304,82432,13.847,0.2985,32304,32.304,2,test_048.tif,Lymph,Malignant,1,0,Ductulolobular,Micro,0.2,40,NA,79,10,1
1,P5,C9,98304,82432,6.154,0.1327,97956,97.956,1,test_048.tif,Lymph,Malignant,1,0,Ductulolobular,Micro,0.05,40,NA,158,16,1
15,P6,C9,98304,82432,1.216,0.0262,17647,17.647,3,test_048.tif,Lymph,Benign,1,-1,Ductulolobular,Micro,0,40,search,32,0,0
16,P7,C9,98304,82432,2.735,0.059,68933,68.933,4,test_048.tif,Lymph,Benign,1,-1,Ductulolobular,Micro,0,40,search,48,0,0
55,P8,C9,98304,82432,4.103,0.0884,19302,19.302,4,test_048.tif,Lymph,Benign,1,-1,Ductulolobular,Micro,0,40,search,56,0,0
60,P9,C9,98304,82432,0.81,0.0175,31800,31.8,2,test_048.tif,Lymph,Benign,1,-1,Ductulolobular,Micro,,40,search,77,0,0